task,target_index,metric,valid,test,config_id,seed
bbbp,0,auc,0.9438414816289953,0.6748649691358025,x01,42
bace,0,auc,0.7254578754578754,0.8096852721265867,x01,42
clintox,0,auc,0.8923076923076924,0.8337330135891287,x01,42
clintox,1,auc,0.9507042253521126,0.8449275362318841,x01,42
tox21,0,auc,0.8178583868239041,0.7016940546528804,x01,42
tox21,1,auc,0.8214617940199336,0.8362949969493594,x01,42
tox21,2,auc,0.8061956452739161,0.8197178339106193,x01,42
tox21,3,auc,0.7632335218318346,0.6718415417558886,x01,42
tox21,4,auc,0.686746437705517,0.6788940446445731,x01,42
tox21,5,auc,0.8281118143459916,0.6185234060286151,x01,42
tox21,6,auc,0.7339438339438339,0.6297209224598931,x01,42
tox21,7,auc,0.7401869158878505,0.6860675077041603,x01,42
tox21,8,auc,0.7420418698021222,0.6828630450070323,x01,42
tox21,9,auc,0.7845716783216783,0.7179765886287626,x01,42
tox21,10,auc,0.8064699081648234,0.785836813842482,x01,42
tox21,11,auc,0.7422299651567944,0.7378029912325941,x01,42
toxcast,0,auc,0.6904605263157895,0.634698275862069,x01,42
toxcast,1,auc,0.754110251450677,0.5252260134149898,x01,42
toxcast,2,auc,0.5482897384305835,0.48055555555555557,x01,42
toxcast,3,auc,0.7052845528455285,0.6612466124661247,x01,42
toxcast,4,auc,0.47607655502392343,0.4809027777777778,x01,42
toxcast,5,auc,0.5496969696969697,0.5770408163265306,x01,42
toxcast,6,auc,0.5908584169453734,0.5646853146853147,x01,42
toxcast,7,auc,0.7243589743589743,0.4959016393442623,x01,42
toxcast,8,auc,0.5613333333333334,0.5884016973125884,x01,42
toxcast,9,auc,0.7094155844155844,0.3699186991869919,x01,42
toxcast,10,auc,0.6690140845070423,0.5969230769230769,x01,42
toxcast,11,auc,0.5785714285714286,0.5952153110047846,x01,42
toxcast,12,auc,1.0,0.6806451612903226,x01,42
toxcast,13,auc,0.5565110565110565,0.6313025210084033,x01,42
toxcast,14,auc,0.7222222222222222,0.6267806267806267,x01,42
toxcast,15,auc,0.725,0.47619047619047616,x01,42
toxcast,16,auc,0.5992822966507177,0.6493234536082474,x01,42
toxcast,17,auc,0.4864864864864865,0.39473684210526316,x01,42
toxcast,18,auc,0.6443452380952381,0.5294780927835051,x01,42
toxcast,19,auc,0.6672727272727272,0.6136708860759493,x01,42
toxcast,20,auc,0.8858024691358025,0.7100271002710027,x01,42
toxcast,21,auc,0.41566265060240964,0.4146341463414634,x01,42
toxcast,22,auc,0.6445783132530121,0.17913385826771652,x01,42
toxcast,23,auc,0.6574333800841514,0.5042613636363636,x01,42
toxcast,24,auc,0.5990873533246415,0.5462962962962963,x01,42
toxcast,25,auc,0.8181818181818182,0.7393617021276596,x01,42
toxcast,26,auc,0.725,0.4869029275808937,x01,42
toxcast,27,auc,0.6143162393162394,0.5755980861244019,x01,42
toxcast,28,auc,0.6223051409618574,0.5567538896746818,x01,42
toxcast,29,auc,0.6161538461538462,0.6037993920972644,x01,42
toxcast,30,auc,0.3925925925925926,0.6207482993197279,x01,42
toxcast,31,auc,0.4537037037037037,0.491025641025641,x01,42
toxcast,32,auc,0.54296875,0.6746411483253588,x01,42
toxcast,33,auc,0.7263157894736842,0.4064102564102564,x01,42
toxcast,34,auc,0.5785714285714286,0.5406698564593302,x01,42
toxcast,35,auc,0.8148148148148148,0.5933014354066986,x01,42
toxcast,36,auc,0.5481481481481482,0.46959459459459457,x01,42
toxcast,37,auc,0.6357142857142857,0.47129186602870815,x01,42
toxcast,38,auc,0.46875,0.7055555555555556,x01,42
toxcast,39,auc,0.65625,0.5619369369369369,x01,42
toxcast,40,auc,0.6507936507936508,0.5555555555555556,x01,42
toxcast,41,auc,0.5568181818181818,0.34689922480620156,x01,42
toxcast,42,auc,0.6578947368421053,0.6395348837209303,x01,42
toxcast,43,auc,0.7954545454545454,0.4384057971014493,x01,42
toxcast,44,auc,0.4,0.40555555555555556,x01,42
toxcast,45,auc,0.6289115646258503,0.34954637096774194,x01,42
toxcast,46,auc,0.6374451754385965,0.5671842124356091,x01,42
toxcast,47,auc,0.7243654822335025,0.5231386452696398,x01,42
toxcast,48,auc,0.7405660377358491,0.530511811023622,x01,42
toxcast,49,auc,0.42018779342723006,0.10826771653543307,x01,42
toxcast,50,auc,0.9883177570093458,0.6079681274900398,x01,42
toxcast,51,auc,0.6381975867269984,0.5272090517241379,x01,42
toxcast,52,auc,0.7511337868480725,0.7275728155339806,x01,42
toxcast,53,auc,0.6880980861244019,0.7037037037037037,x01,42
toxcast,54,auc,0.6511446409989594,0.5893061800229217,x01,42
toxcast,55,auc,0.7478632478632479,0.7951883507439063,x01,42
toxcast,56,auc,0.5434272300469484,0.7649402390438247,x01,42
toxcast,57,auc,0.6917663617171006,0.6270491803278688,x01,42
toxcast,58,auc,0.6566234426646326,0.6053146258503401,x01,42
toxcast,59,auc,0.5372641509433962,0.41304347826086957,x01,42
toxcast,60,auc,0.7247658688865765,0.6669764848034204,x01,42
toxcast,61,auc,0.7352657004830918,0.45466666666666666,x01,42
toxcast,62,auc,0.7029360967184801,0.6427925016160311,x01,42
toxcast,63,auc,0.6615341545352743,0.5659729671744261,x01,42
toxcast,64,auc,0.6564625850340136,0.5138888888888888,x01,42
toxcast,65,auc,0.6825082508250825,0.48577235772357724,x01,42
toxcast,66,auc,0.6240894901144641,0.6946437111429938,x01,42
toxcast,67,auc,0.5542682926829269,0.6088163446591162,x01,42
toxcast,68,auc,0.8309636650868878,0.6626984126984127,x01,42
toxcast,69,auc,0.686771137026239,0.6422467771639042,x01,42
toxcast,70,auc,0.7116132167152576,0.5802469135802469,x01,42
toxcast,71,auc,0.6245391455215789,0.6351902173913043,x01,42
toxcast,72,auc,0.6220657276995305,0.6733067729083665,x01,42
toxcast,73,auc,0.5910377358490566,0.9645669291338582,x01,42
toxcast,74,auc,nan,0.19411764705882353,x01,42
toxcast,75,auc,0.6434292866082604,0.6880144730890999,x01,42
toxcast,76,auc,0.5726673603884842,0.5817757009345794,x01,42
toxcast,77,auc,0.6127136752136753,0.623780487804878,x01,42
toxcast,78,auc,0.6632110579479,0.5474080267558529,x01,42
toxcast,79,auc,0.7289719626168224,0.1588235294117647,x01,42
toxcast,80,auc,0.6891304347826087,0.7581673306772908,x01,42
toxcast,81,auc,0.5207547169811321,0.31466666666666665,x01,42
toxcast,82,auc,0.580173775671406,0.5315915300546448,x01,42
toxcast,83,auc,0.7094059405940594,0.5080532212885154,x01,42
toxcast,84,auc,0.8014150943396227,0.11764705882352941,x01,42
toxcast,85,auc,0.6848404255319149,0.5165829145728643,x01,42
toxcast,86,auc,0.48985507246376814,0.5044526901669759,x01,42
toxcast,87,auc,0.5489731437598736,0.2440944881889764,x01,42
toxcast,88,auc,0.721244131455399,0.4321475625823452,x01,42
toxcast,89,auc,0.6156716417910447,0.5429292929292929,x01,42
toxcast,90,auc,0.5935643564356435,0.620703125,x01,42
toxcast,91,auc,0.7752764612954186,0.7162937464142284,x01,42
toxcast,92,auc,0.34186046511627904,0.43253968253968256,x01,42
toxcast,93,auc,0.721958925750395,0.8334173387096774,x01,42
toxcast,94,auc,0.6173469387755102,0.5599310854048732,x01,42
toxcast,95,auc,0.6297488226059654,0.5410673903211216,x01,42
toxcast,96,auc,0.3890845070422535,0.8111553784860558,x01,42
toxcast,97,auc,0.7627906976744186,0.3968253968253968,x01,42
toxcast,98,auc,0.7255075022065314,0.5559475806451613,x01,42
toxcast,99,auc,0.6731220657276995,0.6627140974967062,x01,42
toxcast,100,auc,0.8021327014218009,0.5558943089430894,x01,42
toxcast,101,auc,0.5586336336336336,0.5343537414965986,x01,42
toxcast,102,auc,0.5521021021021021,0.5243055555555556,x01,42
toxcast,103,auc,0.5545171339563862,0.6651205936920223,x01,42
toxcast,104,auc,0.6574009324009324,0.5042517006802721,x01,42
toxcast,105,auc,0.5834905660377359,nan,x01,42
toxcast,106,auc,0.4320754716981132,0.5095766129032258,x01,42
toxcast,107,auc,0.65,0.516905737704918,x01,42
toxcast,108,auc,0.7313953488372092,0.5686274509803921,x01,42
toxcast,109,auc,0.7435446009389671,0.5461065573770492,x01,42
toxcast,110,auc,0.6723684210526316,0.6083679335675503,x01,42
toxcast,111,auc,0.5669811320754717,0.3568627450980392,x01,42
toxcast,112,auc,0.655982905982906,0.5254161043634727,x01,42
toxcast,113,auc,0.6306818181818182,0.5090725806451613,x01,42
toxcast,114,auc,0.7268518518518519,0.803921568627451,x01,42
toxcast,115,auc,0.6549043062200957,0.7187088274044796,x01,42
toxcast,116,auc,0.7748815165876777,0.5147410358565737,x01,42
toxcast,117,auc,0.676056338028169,0.4207171314741036,x01,42
toxcast,118,auc,0.708139534883721,0.6324404761904762,x01,42
toxcast,119,auc,0.5919811320754716,0.13333333333333333,x01,42
toxcast,120,auc,0.545578231292517,0.6885245901639344,x01,42
toxcast,121,auc,0.6716981132075471,0.5968127490039841,x01,42
toxcast,122,auc,0.879245283018868,0.5615079365079365,x01,42
toxcast,123,auc,0.5509950248756219,0.5540382819794585,x01,42
toxcast,124,auc,0.6680622009569378,0.5413333333333333,x01,42
toxcast,125,auc,0.5462192160943462,0.5677315848214286,x01,42
toxcast,126,auc,0.6645588235294118,0.6268562401263823,x01,42
toxcast,127,auc,0.5951470588235294,0.6063627730294397,x01,42
toxcast,128,auc,0.7234162895927602,0.6014181750326554,x01,42
toxcast,129,auc,0.7069510268562401,0.581646423751687,x01,42
toxcast,130,auc,0.6653061224489796,0.7259552042160737,x01,42
toxcast,131,auc,0.6817521367521368,0.5946764026711602,x01,42
toxcast,132,auc,0.47924528301886793,0.5566534914361001,x01,42
toxcast,133,auc,0.5610485573539761,0.4998986828774063,x01,42
toxcast,134,auc,0.6995305164319249,0.6584645669291339,x01,42
toxcast,135,auc,0.7374031007751938,0.6029891895813684,x01,42
toxcast,136,auc,0.7430555555555556,0.48561507936507936,x01,42
toxcast,137,auc,0.6952117863720073,0.6313795853269537,x01,42
toxcast,138,auc,0.5669014084507042,0.8546626984126984,x01,42
toxcast,139,auc,0.6546003016591252,0.5056737588652482,x01,42
toxcast,140,auc,0.721958925750395,0.5812749003984063,x01,42
toxcast,141,auc,0.7363034316676701,0.7084191474755039,x01,42
toxcast,142,auc,0.7417874396135266,0.45640074211502785,x01,42
toxcast,143,auc,0.70475731276117,0.6959621793381384,x01,42
toxcast,144,auc,0.6158958001063264,0.6030701754385965,x01,42
toxcast,145,auc,0.6424403183023872,0.6971436110561383,x01,42
toxcast,146,auc,0.8523255813953489,0.3218503937007874,x01,42
toxcast,147,auc,0.6678013798111837,0.7202677459526775,x01,42
toxcast,148,auc,0.6435435435435436,0.5842931937172775,x01,42
toxcast,149,auc,0.6843348450491308,0.6449033977348434,x01,42
toxcast,150,auc,0.8313397129186603,0.6096480433177455,x01,42
toxcast,151,auc,0.6270588235294118,0.618359375,x01,42
toxcast,152,auc,0.5976744186046512,0.2649402390438247,x01,42
toxcast,153,auc,0.6595576619273301,0.581,x01,42
toxcast,154,auc,0.8573564593301436,0.4619883040935672,x01,42
toxcast,155,auc,0.6806603773584906,0.09019607843137255,x01,42
toxcast,156,auc,0.7327315541601256,0.5981968584440933,x01,42
toxcast,157,auc,0.5876811594202899,0.5545816733067729,x01,42
toxcast,158,auc,0.8769470404984424,0.5823451910408433,x01,42
toxcast,159,auc,0.2558139534883721,0.3941176470588235,x01,42
toxcast,160,auc,0.9606481481481481,0.5659448818897638,x01,42
toxcast,161,auc,0.6575854700854701,0.5580357142857143,x01,42
toxcast,162,auc,0.6283570300157978,0.624,x01,42
toxcast,163,auc,0.7301907556859868,0.5641592920353983,x01,42
toxcast,164,auc,0.7517605633802817,0.21146245059288538,x01,42
toxcast,165,auc,0.689167208848406,0.7218951499859826,x01,42
toxcast,166,auc,0.7035256410256411,0.47421150278293134,x01,42
toxcast,167,auc,0.5186046511627908,0.49083665338645416,x01,42
toxcast,168,auc,0.9513888888888888,0.40974967061923584,x01,42
toxcast,169,auc,0.7570372976776918,0.5761494252873564,x01,42
toxcast,170,auc,nan,0.4479578392621871,x01,42
toxcast,171,auc,0.6039039039039039,0.608416635813896,x01,42
toxcast,172,auc,0.5478468899521531,0.4790650406504065,x01,42
toxcast,173,auc,0.7155172413793104,0.6171448087431693,x01,42
toxcast,174,auc,0.3374413145539906,0.3169291338582677,x01,42
toxcast,175,auc,0.6967914438502674,0.6138888888888889,x01,42
toxcast,176,auc,0.6879926431949553,0.6748655558494225,x01,42
toxcast,177,auc,0.7733644859813084,0.5236220472440944,x01,42
toxcast,178,auc,0.6166267942583732,0.4727845254161044,x01,42
toxcast,179,auc,0.6127726952850105,0.599290780141844,x01,42
toxcast,180,auc,0.6915481832543444,0.7366533864541832,x01,42
toxcast,181,auc,0.710093896713615,0.6010416666666667,x01,42
toxcast,182,auc,0.6479750778816199,nan,x01,42
toxcast,183,auc,0.694492337164751,0.6717782003312274,x01,42
toxcast,184,auc,0.7127906976744186,0.3956692913385827,x01,42
toxcast,185,auc,0.616822429906542,0.66,x01,42
toxcast,186,auc,0.7341772151898734,0.7553240740740741,x01,42
toxcast,187,auc,0.8981481481481481,0.48523622047244097,x01,42
toxcast,188,auc,0.6906200735680504,0.5781499202551834,x01,42
toxcast,189,auc,0.6601613965744401,0.5871161548731643,x01,42
toxcast,190,auc,0.556910569105691,0.4759036144578313,x01,42
toxcast,191,auc,0.6007252215954875,0.5538990825688074,x01,42
toxcast,192,auc,0.5705673758865248,0.5499381570810142,x01,42
toxcast,193,auc,0.5765139116202946,0.532312925170068,x01,42
toxcast,194,auc,0.6074270557029178,0.5607843137254902,x01,42
toxcast,195,auc,0.6342486651411137,0.5110516934046346,x01,42
toxcast,196,auc,0.5416666666666666,0.5664731896075179,x01,42
toxcast,197,auc,0.6795454545454546,0.566017316017316,x01,42
toxcast,198,auc,0.648088023088023,0.6008855154965211,x01,42
toxcast,199,auc,0.41262135922330095,0.5791139240506329,x01,42
toxcast,200,auc,0.7350515463917526,0.6081204379562044,x01,42
toxcast,201,auc,0.5912037037037037,0.5436107608238756,x01,42
toxcast,202,auc,0.865686274509804,0.702485380116959,x01,42
toxcast,203,auc,0.5657630522088354,0.45188075230092034,x01,42
toxcast,204,auc,0.5496138996138996,0.5361921097770155,x01,42
toxcast,205,auc,0.5927230046948356,0.5373397435897436,x01,42
toxcast,206,auc,0.5095833333333334,0.5319042871385843,x01,42
toxcast,207,auc,0.5384770346494763,0.5839285714285715,x01,42
toxcast,208,auc,0.5462301587301587,0.5439625850340136,x01,42
toxcast,209,auc,0.9285714285714286,0.5296846011131725,x01,42
toxcast,210,auc,0.5860719874804382,0.6109809173083361,x01,42
toxcast,211,auc,0.5967741935483871,0.5056603773584906,x01,42
toxcast,212,auc,0.5912081339712919,0.5719117647058823,x01,42
toxcast,213,auc,0.5884974533106961,0.5027629233511587,x01,42
toxcast,214,auc,0.65,0.5738993710691824,x01,42
toxcast,215,auc,0.6177083333333333,0.5951320132013201,x01,42
toxcast,216,auc,0.43241626794258375,0.49988420565076425,x01,42
toxcast,217,auc,0.6579371474617244,0.5305222300635145,x01,42
toxcast,218,auc,0.5604395604395604,0.4786519871106337,x01,42
toxcast,219,auc,0.5641304347826087,0.5214705882352941,x01,42
toxcast,220,auc,0.7456140350877193,0.5853758169934641,x01,42
toxcast,221,auc,0.6248780487804878,0.5680309734513275,x01,42
toxcast,222,auc,0.6139200998751561,0.6267573696145124,x01,42
toxcast,223,auc,0.6715517241379311,0.548328488372093,x01,42
toxcast,224,auc,0.6324712643678161,0.5973011363636364,x01,42
toxcast,225,auc,0.6378648233486943,0.6223352713178295,x01,42
toxcast,226,auc,0.5618932038834952,0.7341772151898734,x01,42
toxcast,227,auc,0.5576923076923077,0.5569214876033057,x01,42
toxcast,228,auc,0.6425287356321839,0.5852588789045785,x01,42
toxcast,229,auc,0.6160714285714286,0.5487379162191193,x01,42
toxcast,230,auc,0.5872549019607843,0.6711502782931354,x01,42
toxcast,231,auc,0.6542553191489362,0.6002859477124183,x01,42
toxcast,232,auc,0.5916666666666667,0.4768431001890359,x01,42
toxcast,233,auc,0.7570175438596491,0.8547133138969873,x01,42
toxcast,234,auc,0.5912438625204582,0.5993796526054591,x01,42
toxcast,235,auc,0.8605769230769231,0.4729299363057325,x01,42
toxcast,236,auc,0.4852941176470588,0.5435606060606061,x01,42
toxcast,237,auc,0.3774271844660194,0.6027070063694268,x01,42
toxcast,238,auc,0.5333333333333333,0.5124320124320124,x01,42
toxcast,239,auc,0.5587813620071684,0.49397496087636933,x01,42
toxcast,240,auc,0.839622641509434,nan,x01,42
toxcast,241,auc,0.6685567010309278,0.6364705882352941,x01,42
toxcast,242,auc,0.8974358974358975,0.925,x01,42
toxcast,243,auc,0.6324712643678161,0.591812015503876,x01,42
toxcast,244,auc,0.9114077669902912,0.573030303030303,x01,42
toxcast,245,auc,0.6606951871657754,0.4810844892812106,x01,42
toxcast,246,auc,0.6358428805237316,0.6969282238442822,x01,42
toxcast,247,auc,0.5580143540669856,0.561166253101737,x01,42
toxcast,248,auc,0.5821428571428572,0.532798833819242,x01,42
toxcast,249,auc,0.6420289855072464,0.5794270833333334,x01,42
toxcast,250,auc,0.8679245283018868,0.8,x01,42
toxcast,251,auc,0.6129032258064516,0.6726495726495727,x01,42
toxcast,252,auc,0.4851907630522088,0.5487528344671202,x01,42
toxcast,253,auc,0.5960648148148148,0.5903322135125046,x01,42
toxcast,254,auc,0.9622641509433962,0.3371794871794872,x01,42
toxcast,255,auc,0.5879084967320262,0.5633333333333334,x01,42
toxcast,256,auc,0.839622641509434,0.47692307692307695,x01,42
toxcast,257,auc,0.5225225225225225,0.5154188948306595,x01,42
toxcast,258,auc,0.5816091954022988,0.6354493207941484,x01,42
toxcast,259,auc,0.6287375415282392,0.5434444444444444,x01,42
toxcast,260,auc,0.5466867469879518,0.5887523629489603,x01,42
toxcast,261,auc,0.6546052631578947,0.511166253101737,x01,42
toxcast,262,auc,0.5624057315233786,0.6067124204887847,x01,42
toxcast,263,auc,0.5641025641025641,0.5408896658896659,x01,42
toxcast,264,auc,0.5950980392156863,0.8016877637130801,x01,42
toxcast,265,auc,0.5992314647377939,0.6532613045218087,x01,42
toxcast,266,auc,0.720873786407767,0.7619426751592356,x01,42
toxcast,267,auc,0.6011466011466011,0.5838122605363985,x01,42
toxcast,268,auc,0.46190476190476193,0.543010752688172,x01,42
toxcast,269,auc,0.5045833333333334,0.5277470501474927,x01,42
toxcast,270,auc,0.5851190476190476,0.5273465067043048,x01,42
toxcast,271,auc,0.6773504273504274,0.6027065527065527,x01,42
toxcast,272,auc,0.6458762886597939,0.597108843537415,x01,42
toxcast,273,auc,0.5938759065269944,0.530046869768999,x01,42
toxcast,274,auc,0.577037351443124,0.528583438419504,x01,42
toxcast,275,auc,0.5372549019607843,0.5454781704781705,x01,42
toxcast,276,auc,0.5152691511387164,0.656234096692112,x01,42
toxcast,277,auc,0.8833333333333333,0.5675496688741721,x01,42
toxcast,278,auc,0.5505952380952381,0.5652474904811353,x01,42
toxcast,279,auc,0.6369402985074627,0.5851674641148326,x01,42
toxcast,280,auc,0.4994654312188168,0.5059294871794872,x01,42
toxcast,281,auc,0.563003663003663,0.5950386597938144,x01,42
toxcast,282,auc,0.6294776119402985,0.5290006988120196,x01,42
toxcast,283,auc,0.7785714285714286,0.5649006622516556,x01,42
toxcast,284,auc,0.6784897025171625,0.6270043731778425,x01,42
toxcast,285,auc,0.7142857142857143,0.6,x01,42
toxcast,286,auc,0.6280165912518854,0.5647123893805309,x01,42
toxcast,287,auc,0.5645080321285141,0.5693877551020409,x01,42
toxcast,288,auc,0.6275462962962963,0.5489795918367347,x01,42
toxcast,289,auc,0.5228571428571429,0.42759961127308066,x01,42
toxcast,290,auc,0.6082456140350877,0.5239197530864198,x01,42
toxcast,291,auc,0.6444444444444445,0.5813090418353576,x01,42
toxcast,292,auc,0.6691666666666667,0.5634171907756813,x01,42
toxcast,293,auc,0.8254901960784313,0.6083805923125394,x01,42
toxcast,294,auc,0.7227722772277227,0.5096774193548387,x01,42
toxcast,295,auc,0.5830212234706617,0.693200663349917,x01,42
toxcast,296,auc,0.6632003395585738,0.5944741532976827,x01,42
toxcast,297,auc,0.5656728444802579,0.5254413291796469,x01,42
toxcast,298,auc,0.4764705882352941,0.5131578947368421,x01,42
toxcast,299,auc,0.5491718426501035,0.5274274905422447,x01,42
toxcast,300,auc,0.808252427184466,0.423841059602649,x01,42
toxcast,301,auc,0.577073552425665,0.579421768707483,x01,42
toxcast,302,auc,0.7309573724668065,0.5383070744516527,x01,42
toxcast,303,auc,0.5630305602716469,0.5104516610675626,x01,42
toxcast,304,auc,0.4899598393574297,0.6186079545454546,x01,42
toxcast,305,auc,0.4967532467532468,0.5095213137665968,x01,42
toxcast,306,auc,0.7005012531328321,0.5264756944444444,x01,42
toxcast,307,auc,0.6388888888888888,0.5151515151515151,x01,42
toxcast,308,auc,0.8034188034188035,0.7167441860465116,x01,42
toxcast,309,auc,0.8637931034482759,0.45096056622851366,x01,42
toxcast,310,auc,0.546875,0.42736077481840196,x01,42
toxcast,311,auc,0.5705882352941176,0.5385416666666667,x01,42
toxcast,312,auc,0.8205645161290323,0.4613583138173302,x01,42
toxcast,313,auc,0.83203125,0.7796610169491526,x01,42
toxcast,314,auc,0.7705627705627706,0.4873015873015873,x01,42
toxcast,315,auc,0.7875,0.575801749271137,x01,42
toxcast,316,auc,0.724,0.6110576923076924,x01,42
toxcast,317,auc,0.578125,0.6617933723196882,x01,42
toxcast,318,auc,0.5867346938775511,0.6162207357859532,x01,42
toxcast,319,auc,0.552,0.46630434782608693,x01,42
toxcast,320,auc,0.9682539682539683,0.3888888888888889,x01,42
toxcast,321,auc,0.41015625,0.3972222222222222,x01,42
toxcast,322,auc,0.75,0.7168784029038112,x01,42
toxcast,323,auc,0.6428571428571429,0.5362976406533575,x01,42
toxcast,324,auc,0.5370370370370371,0.5857142857142857,x01,42
toxcast,325,auc,0.7832167832167832,0.67003367003367,x01,42
toxcast,326,auc,0.7832167832167832,0.5824915824915825,x01,42
toxcast,327,auc,0.6759259259259259,0.6100427350427351,x01,42
toxcast,328,auc,0.7972027972027972,0.7040816326530612,x01,42
toxcast,329,auc,0.7071428571428572,0.6304347826086957,x01,42
toxcast,330,auc,0.8571428571428571,0.6228070175438597,x01,42
toxcast,331,auc,0.8928571428571429,0.6046296296296296,x01,42
toxcast,332,auc,0.8615384615384616,0.7381818181818182,x01,42
toxcast,333,auc,0.9365079365079365,0.5042735042735043,x01,42
toxcast,334,auc,0.8935185185185185,0.425,x01,42
toxcast,335,auc,0.4444444444444444,0.471875,x01,42
toxcast,336,auc,0.7052631578947368,0.7680180180180181,x01,42
toxcast,337,auc,0.8181818181818182,0.5457317073170732,x01,42
toxcast,338,auc,0.3125,0.49612403100775193,x01,42
toxcast,339,auc,0.5681818181818182,0.7527173913043478,x01,42
toxcast,340,auc,0.8421052631578947,0.45987654320987653,x01,42
toxcast,341,auc,0.77,0.6484375,x01,42
toxcast,342,auc,0.705,0.7327586206896551,x01,42
toxcast,343,auc,nan,nan,x01,42
toxcast,344,auc,0.6282894736842105,0.6574440052700923,x01,42
toxcast,345,auc,0.98,0.8355263157894737,x01,42
toxcast,346,auc,0.5833333333333334,0.5791666666666667,x01,42
toxcast,347,auc,0.9285714285714286,0.6125,x01,42
toxcast,348,auc,0.75,0.6666666666666666,x01,42
toxcast,349,auc,nan,0.20512820512820512,x01,42
toxcast,350,auc,0.803030303030303,0.5290135396518375,x01,42
toxcast,351,auc,0.7833333333333333,0.6517241379310345,x01,42
toxcast,352,auc,0.5625,0.5454545454545454,x01,42
toxcast,353,auc,0.8541666666666666,0.6833333333333333,x01,42
toxcast,354,auc,0.4,nan,x01,42
toxcast,355,auc,1.0,0.3,x01,42
toxcast,356,auc,0.75,0.6666666666666666,x01,42
toxcast,357,auc,nan,0.08333333333333333,x01,42
toxcast,358,auc,0.4,0.75,x01,42
toxcast,359,auc,0.7986111111111112,0.5578512396694215,x01,42
toxcast,360,auc,0.3333333333333333,0.625,x01,42
toxcast,361,auc,1.0,0.5113636363636364,x01,42
toxcast,362,auc,0.7083333333333334,0.345679012345679,x01,42
toxcast,363,auc,0.8,0.6416666666666667,x01,42
toxcast,364,auc,0.7291666666666666,0.5416666666666666,x01,42
toxcast,365,auc,0.8541666666666666,0.23809523809523808,x01,42
toxcast,366,auc,0.7692307692307693,0.33157894736842103,x01,42
toxcast,367,auc,0.42857142857142855,0.45714285714285713,x01,42
toxcast,368,auc,1.0,0.5909090909090909,x01,42
toxcast,369,auc,0.6,0.39285714285714285,x01,42
toxcast,370,auc,0.8333333333333334,0.7532467532467533,x01,42
toxcast,371,auc,nan,0.2222222222222222,x01,42
toxcast,372,auc,0.9714285714285714,0.45714285714285713,x01,42
toxcast,373,auc,0.6944444444444444,0.3125,x01,42
toxcast,374,auc,0.6607142857142857,0.3181818181818182,x01,42
toxcast,375,auc,0.6349206349206349,0.49382716049382713,x01,42
toxcast,376,auc,0.5555555555555556,0.6388888888888888,x01,42
toxcast,377,auc,0.25,0.6,x01,42
toxcast,378,auc,0.6666666666666666,0.7777777777777778,x01,42
toxcast,379,auc,0.4166666666666667,0.8571428571428571,x01,42
toxcast,380,auc,0.3333333333333333,0.7222222222222222,x01,42
toxcast,381,auc,1.0,0.4166666666666667,x01,42
toxcast,382,auc,1.0,0.5357142857142857,x01,42
toxcast,383,auc,1.0,0.75,x01,42
toxcast,384,auc,0.6666666666666666,0.5555555555555556,x01,42
toxcast,385,auc,0.8333333333333334,0.5,x01,42
toxcast,386,auc,nan,0.3684210526315789,x01,42
toxcast,387,auc,0.84375,0.30357142857142855,x01,42
toxcast,388,auc,0.9,0.4431818181818182,x01,42
toxcast,389,auc,1.0,0.625,x01,42
toxcast,390,auc,0.5555555555555556,0.36,x01,42
toxcast,391,auc,0.25,0.4166666666666667,x01,42
toxcast,392,auc,0.625,0.6190476190476191,x01,42
toxcast,393,auc,0.7,0.6363636363636364,x01,42
toxcast,394,auc,0.8717948717948718,0.5833333333333334,x01,42
toxcast,395,auc,0.72,0.551948051948052,x01,42
toxcast,396,auc,nan,0.7727272727272727,x01,42
toxcast,397,auc,0.875,0.8035714285714286,x01,42
toxcast,398,auc,0.538961038961039,0.6153846153846154,x01,42
toxcast,399,auc,0.625,0.5375,x01,42
toxcast,400,auc,0.5333333333333333,0.54375,x01,42
toxcast,401,auc,0.8,0.7916666666666666,x01,42
toxcast,402,auc,0.8,0.7083333333333334,x01,42
toxcast,403,auc,0.6857142857142857,0.5526315789473685,x01,42
toxcast,404,auc,0.6111111111111112,0.5142857142857142,x01,42
toxcast,405,auc,0.65,0.6818181818181818,x01,42
toxcast,406,auc,0.6666666666666666,0.24,x01,42
toxcast,407,auc,0.6071428571428571,0.4825,x01,42
toxcast,408,auc,0.8,0.7619047619047619,x01,42
toxcast,409,auc,0.3333333333333333,0.38095238095238093,x01,42
toxcast,410,auc,0.2222222222222222,1.0,x01,42
toxcast,411,auc,1.0,0.7142857142857143,x01,42
toxcast,412,auc,0.7954545454545454,0.6474358974358975,x01,42
toxcast,413,auc,0.5,0.625,x01,42
toxcast,414,auc,0.8571428571428571,0.8409090909090909,x01,42
toxcast,415,auc,0.3,0.7727272727272727,x01,42
toxcast,416,auc,0.48148148148148145,0.5041666666666667,x01,42
toxcast,417,auc,0.2857142857142857,0.5611111111111111,x01,42
toxcast,418,auc,1.0,0.8611111111111112,x01,42
toxcast,419,auc,0.6666666666666666,0.6298701298701299,x01,42
toxcast,420,auc,0.75,0.6125,x01,42
toxcast,421,auc,0.7083333333333334,0.37777777777777777,x01,42
toxcast,422,auc,0.5571428571428572,0.4375,x01,42
toxcast,423,auc,0.7083333333333334,0.5909090909090909,x01,42
toxcast,424,auc,0.6666666666666666,0.7239583333333334,x01,42
toxcast,425,auc,0.9090909090909091,0.7238095238095238,x01,42
toxcast,426,auc,0.52,0.5,x01,42
toxcast,427,auc,0.7532467532467533,0.50625,x01,42
toxcast,428,auc,0.5333333333333333,0.6363636363636364,x01,42
toxcast,429,auc,0.3333333333333333,0.3,x01,42
toxcast,430,auc,0.7777777777777778,0.4,x01,42
toxcast,431,auc,0.75,0.5879629629629629,x01,42
toxcast,432,auc,0.7571428571428571,0.75,x01,42
toxcast,433,auc,0.6142857142857143,0.72,x01,42
toxcast,434,auc,1.0,0.6057692307692307,x01,42
toxcast,435,auc,0.8333333333333334,0.7,x01,42
toxcast,436,auc,0.8888888888888888,0.7166666666666667,x01,42
toxcast,437,auc,1.0,0.5875,x01,42
toxcast,438,auc,0.65,0.48333333333333334,x01,42
toxcast,439,auc,0.725,0.7181818181818181,x01,42
toxcast,440,auc,0.0,0.23333333333333334,x01,42
toxcast,441,auc,0.7058823529411765,0.017241379310344827,x01,42
toxcast,442,auc,0.5625,0.2857142857142857,x01,42
toxcast,443,auc,0.9666666666666667,0.6011904761904762,x01,42
toxcast,444,auc,0.88,0.55,x01,42
toxcast,445,auc,0.45,0.4727272727272727,x01,42
toxcast,446,auc,1.0,0.3047619047619048,x01,42
toxcast,447,auc,0.9583333333333334,0.8888888888888888,x01,42
toxcast,448,auc,0.6842105263157895,0.5396825396825397,x01,42
toxcast,449,auc,0.6666666666666666,0.475,x01,42
toxcast,450,auc,0.775,1.0,x01,42
toxcast,451,auc,1.0,0.1111111111111111,x01,42
toxcast,452,auc,1.0,0.4583333333333333,x01,42
toxcast,453,auc,0.5277777777777778,0.44155844155844154,x01,42
toxcast,454,auc,0.5939849624060151,0.50390625,x01,42
toxcast,455,auc,0.6805555555555556,0.5824372759856631,x01,42
toxcast,456,auc,0.8143382352941176,0.6011494252873564,x01,42
toxcast,457,auc,0.5833333333333334,0.6153846153846154,x01,42
toxcast,458,auc,0.7543859649122807,0.4722222222222222,x01,42
toxcast,459,auc,0.7142857142857143,0.5375,x01,42
toxcast,460,auc,0.6916666666666667,0.655,x01,42
toxcast,461,auc,0.8245149911816578,0.4984848484848485,x01,42
toxcast,462,auc,0.8461538461538461,0.6428571428571429,x01,42
toxcast,463,auc,0.6666666666666666,0.6419753086419753,x01,42
toxcast,464,auc,0.7045454545454546,0.6388888888888888,x01,42
toxcast,465,auc,0.6071428571428571,0.4792626728110599,x01,42
toxcast,466,auc,0.6673469387755102,0.4454022988505747,x01,42
toxcast,467,auc,0.8523809523809524,0.5867346938775511,x01,42
toxcast,468,auc,0.7629310344827587,0.7253787878787878,x01,42
toxcast,469,auc,0.6428571428571429,0.7368421052631579,x01,42
toxcast,470,auc,0.7666666666666667,0.4117647058823529,x01,42
toxcast,471,auc,0.8625,0.9305555555555556,x01,42
toxcast,472,auc,0.6948051948051948,0.5746031746031746,x01,42
toxcast,473,auc,0.7070707070707071,0.6183431952662722,x01,42
toxcast,474,auc,0.9,nan,x01,42
toxcast,475,auc,0.7407407407407407,0.62,x01,42
toxcast,476,auc,0.48863636363636365,0.603125,x01,42
toxcast,477,auc,0.6904761904761905,0.3409090909090909,x01,42
toxcast,478,auc,0.47619047619047616,0.5379464285714286,x01,42
toxcast,479,auc,0.7058823529411765,0.4658385093167702,x01,42
toxcast,480,auc,0.8,0.509090909090909,x01,42
toxcast,481,auc,0.6666666666666666,0.5833333333333334,x01,42
toxcast,482,auc,0.8571428571428571,0.6458333333333334,x01,42
toxcast,483,auc,0.7444444444444445,0.725,x01,42
toxcast,484,auc,0.7035398230088495,0.5098039215686274,x01,42
toxcast,485,auc,0.8104575163398693,0.5776643990929705,x01,42
toxcast,486,auc,0.7691729323308271,0.6389920424403183,x01,42
toxcast,487,auc,0.8897727272727273,0.5649769585253456,x01,42
toxcast,488,auc,0.7292517006802721,0.5106382978723404,x01,42
toxcast,489,auc,0.8858585858585859,0.7044444444444444,x01,42
toxcast,490,auc,0.6681096681096681,0.6526458616010855,x01,42
toxcast,491,auc,0.8813186813186813,0.6943493150684932,x01,42
toxcast,492,auc,0.7254901960784313,0.6727941176470589,x01,42
toxcast,493,auc,0.7567663817663818,0.6136528685548294,x01,42
toxcast,494,auc,0.765993265993266,0.5788079470198676,x01,42
toxcast,495,auc,0.7620493358633776,0.5955454545454546,x01,42
toxcast,496,auc,0.5200437317784257,0.5109375,x01,42
toxcast,497,auc,0.5764576457645765,0.6390452366062123,x01,42
toxcast,498,auc,0.5144675925925926,0.5864301801801802,x01,42
toxcast,499,auc,0.6714823851718676,0.687580615441312,x01,42
toxcast,500,auc,0.6405740847230209,0.6448412698412699,x01,42
toxcast,501,auc,0.6514203117144294,0.6450180375941436,x01,42
toxcast,502,auc,0.7252358490566038,0.9148854961832061,x01,42
toxcast,503,auc,0.9961880559085133,0.5466029723991508,x01,42
toxcast,504,auc,0.8344271394521174,0.717709771437337,x01,42
toxcast,505,auc,0.8114155669599218,0.6750365726227795,x01,42
toxcast,506,auc,0.6191389599317988,nan,x01,42
toxcast,507,auc,0.6954233604636297,0.7339684625492773,x01,42
toxcast,508,auc,0.6893561343719572,0.6846485656822272,x01,42
toxcast,509,auc,0.6813208399630699,0.663516411017648,x01,42
toxcast,510,auc,0.8195020053475935,0.6827239003709592,x01,42
toxcast,511,auc,0.6944571878933314,0.6542826672653794,x01,42
toxcast,512,auc,0.7062160351373483,0.7162790697674418,x01,42
toxcast,513,auc,0.7954656534283507,0.7626347664917639,x01,42
toxcast,514,auc,0.6481392970146543,0.6438524931324399,x01,42
toxcast,515,auc,0.8379820051413882,0.684955185659411,x01,42
toxcast,516,auc,0.7809815292096219,0.6638853230637569,x01,42
toxcast,517,auc,0.7596232596232596,0.7387323943661972,x01,42
toxcast,518,auc,1.0,0.9936628643852978,x01,42
toxcast,519,auc,0.8717866323907455,0.706086863500214,x01,42
toxcast,520,auc,1.0,0.9936628643852978,x01,42
toxcast,521,auc,0.7659133709981167,0.6712204007285975,x01,42
toxcast,522,auc,0.8040645966609455,0.6515465421651591,x01,42
toxcast,523,auc,0.7460164038551821,0.7046558704453442,x01,42
toxcast,524,auc,0.7584058345536508,0.7154505251520177,x01,42
toxcast,525,auc,0.6641415465268676,0.6066201211305519,x01,42
toxcast,526,auc,0.6936304574985235,0.6839913535507661,x01,42
toxcast,527,auc,0.6577143388290518,0.6865570121197131,x01,42
toxcast,528,auc,0.7260416666666667,0.6811980347694634,x01,42
toxcast,529,auc,0.6876958374303507,0.6325567055182086,x01,42
toxcast,530,auc,0.7185812486712494,0.6844984765681675,x01,42
toxcast,531,auc,0.6865519583427666,0.7203774486383182,x01,42
toxcast,532,auc,0.7516597985347986,0.6247242647058824,x01,42
toxcast,533,auc,0.7468243111197967,0.6989432618741005,x01,42
toxcast,534,auc,0.7291912632821723,0.6820695102685624,x01,42
toxcast,535,auc,0.6721136897767332,0.6268430588529301,x01,42
toxcast,536,auc,0.6736025165016502,0.6586107389467175,x01,42
toxcast,537,auc,0.6774904994571118,0.5483539094650206,x01,42
toxcast,538,auc,0.7238600212089077,0.6541562570974335,x01,42
toxcast,539,auc,0.6801602168715066,0.6348072562358277,x01,42
toxcast,540,auc,0.7449745918963889,0.6875828392047436,x01,42
toxcast,541,auc,0.7753427868276105,0.6548695914367556,x01,42
toxcast,542,auc,0.8053452453058753,0.7131824234354195,x01,42
toxcast,543,auc,0.7441740466076271,0.6429425837320574,x01,42
toxcast,544,auc,0.6878514845497974,0.6412406546777126,x01,42
toxcast,545,auc,0.7504036734281966,0.6958100558659218,x01,42
toxcast,546,auc,0.7157190635451505,0.6894984326018809,x01,42
toxcast,547,auc,0.7220761138613861,0.6890397082658023,x01,42
toxcast,548,auc,0.7082771581484659,0.6995716639209225,x01,42
toxcast,549,auc,0.6819047077875955,0.6247535150891632,x01,42
toxcast,550,auc,0.7290996784565916,0.579199372056515,x01,42
toxcast,551,auc,0.7342042122100774,0.6329734522505607,x01,42
toxcast,552,auc,0.7717687074829932,0.8343834383438344,x01,42
toxcast,553,auc,0.7416472416472416,0.6280987394957983,x01,42
toxcast,554,auc,0.7347037652270211,0.703530827317235,x01,42
toxcast,555,auc,0.6974852862493311,0.6861708860759493,x01,42
toxcast,556,auc,0.7833607456140351,0.6376113046844755,x01,42
toxcast,557,auc,0.6871768707482994,0.6700247539001785,x01,42
toxcast,558,auc,0.7136361858573217,0.7205925303931948,x01,42
toxcast,559,auc,0.5878184713375796,0.5569237264283704,x01,42
toxcast,560,auc,0.6883830455259027,0.5877862595419847,x01,42
toxcast,561,auc,0.6272653721682848,0.740528601377658,x01,42
toxcast,562,auc,0.5211407910271547,0.4629403876630501,x01,42
toxcast,563,auc,0.6783720567597068,0.6435929648241207,x01,42
toxcast,564,auc,0.6624671916010498,0.6365934065934066,x01,42
toxcast,565,auc,0.7983460559796438,0.5269328263624842,x01,42
toxcast,566,auc,0.7355760773966579,0.6730446634514573,x01,42
toxcast,567,auc,0.6613772161818003,0.6994989885684716,x01,42
toxcast,568,auc,0.836745406824147,0.6722560975609756,x01,42
toxcast,569,auc,0.6555422473867596,0.6691553987850284,x01,42
toxcast,570,auc,0.7934713375796179,0.6530612244897959,x01,42
toxcast,571,auc,0.3700636942675159,0.5081424936386768,x01,42
toxcast,572,auc,0.7301513266998342,0.6967820773930754,x01,42
toxcast,573,auc,0.6816583828342829,0.7000504133897963,x01,42
toxcast,574,auc,0.6525805628773064,0.71,x01,42
toxcast,575,auc,0.6662250485779898,0.6365862398471094,x01,42
toxcast,576,auc,0.7411138781978719,0.5975871954132824,x01,42
toxcast,577,auc,0.6853678929765886,0.6420054200542006,x01,42
toxcast,578,auc,0.6967373572593801,0.6862641815235008,x01,42
toxcast,579,auc,0.6714591957421644,0.6866456834532374,x01,42
toxcast,580,auc,0.7274645186037592,0.7368173090598776,x01,42
toxcast,581,auc,0.6905747305950336,0.7142414860681114,x01,42
toxcast,582,auc,0.7042093777816062,0.6441102498556939,x01,42
toxcast,583,auc,0.632229914086635,0.5968252756897012,x01,42
toxcast,584,auc,0.6399150922177238,0.6539939402286187,x01,42
toxcast,585,auc,0.6981646013560907,0.6891046741277156,x01,42
toxcast,586,auc,0.546412527275061,0.5535922952240944,x01,42
toxcast,587,auc,0.6045188729399256,0.6110802811690714,x01,42
toxcast,588,auc,0.6655194805194805,0.6668418286915396,x01,42
toxcast,589,auc,0.6932203389830508,0.687656479323146,x01,42
toxcast,590,auc,0.6618918280585735,0.6983989694516011,x01,42
toxcast,591,auc,0.6895446574348431,0.6484057263705872,x01,42
toxcast,592,auc,0.6814651504602769,0.6995007132667618,x01,42
toxcast,593,auc,0.6776010479041916,0.6830658186957399,x01,42
toxcast,594,auc,0.6610846189808322,0.6365453397853987,x01,42
toxcast,595,auc,0.700105472870034,0.6346438825599704,x01,42
toxcast,596,auc,0.6489206088955329,0.6961966604823747,x01,42
toxcast,597,auc,0.6806964274177918,0.7069667212220404,x01,42
toxcast,598,auc,0.7116811497326203,0.6672554347826087,x01,42
toxcast,599,auc,0.6328767123287671,0.4286713286713287,x01,42
toxcast,600,auc,0.6540404040404041,0.6205119089939566,x01,42
toxcast,601,auc,0.9177215189873418,0.6822660098522167,x01,42
toxcast,602,auc,0.717948717948718,0.6313559322033898,x01,42
toxcast,603,auc,0.675,0.5,x01,42
toxcast,604,auc,0.6287593984962406,0.5255434782608696,x01,42
toxcast,605,auc,0.6414141414141414,0.5845347313237221,x01,42
toxcast,606,auc,0.5022222222222222,0.5838477366255144,x01,42
toxcast,607,auc,0.8212025316455697,0.6397058823529411,x01,42
toxcast,608,auc,0.6635610766045549,0.5294888597640891,x01,42
toxcast,609,auc,0.8025641025641026,0.7022792022792023,x01,42
toxcast,610,auc,0.8449367088607594,0.38305084745762713,x01,42
toxcast,611,auc,0.6357323232323232,0.4489510489510489,x01,42
toxcast,612,auc,0.6012658227848101,0.6428571428571429,x01,42
toxcast,613,auc,0.4451219512195122,0.4097222222222222,x01,42
toxcast,614,auc,0.8765432098765432,0.43664717348927873,x01,42
toxcast,615,auc,0.7348484848484849,0.515422077922078,x01,42
toxcast,616,auc,0.6496478873239436,0.6631520532741398,x01,42
sider,0,auc,0.6740506329113924,0.5987824037706205,x01,42
sider,1,auc,0.6316783594171613,0.5688372093023256,x01,42
sider,2,auc,0.47619047619047616,0.5476190476190477,x01,42
sider,3,auc,0.6835526315789474,0.68125,x01,42
sider,4,auc,0.6899744572158365,0.596875,x01,42
sider,5,auc,0.5895348837209302,0.6097350230414746,x01,42
sider,6,auc,0.7442748091603053,0.7529021558872305,x01,42
sider,7,auc,0.6429203539823009,0.5380081300813008,x01,42
sider,8,auc,0.6576719576719576,0.5320802005012532,x01,42
sider,9,auc,0.6947221111555378,0.6850282485875706,x01,42
sider,10,auc,0.6261682242990654,0.5887218045112782,x01,42
sider,11,auc,0.5278195488721804,0.7945374015748031,x01,42
sider,12,auc,0.7240896358543417,0.6176801801801802,x01,42
sider,13,auc,0.572463768115942,0.4765625,x01,42
sider,14,auc,0.6337803320561941,0.5299539170506913,x01,42
sider,15,auc,0.7707032875572202,0.6948184414524684,x01,42
sider,16,auc,0.6536231884057971,0.33260869565217394,x01,42
sider,17,auc,0.6063110443275732,0.48688888888888887,x01,42
sider,18,auc,0.6833333333333333,0.645956607495069,x01,42
sider,19,auc,0.6241359447004609,0.6026455026455027,x01,42
sider,20,auc,0.6011019283746556,0.581093823668081,x01,42
sider,21,auc,0.6216008771929824,0.6962233169129721,x01,42
sider,22,auc,0.6572535991140642,0.6579601990049752,x01,42
sider,23,auc,0.6516135379771744,0.624427798585102,x01,42
sider,24,auc,0.6134625191228965,0.6556473829201102,x01,42
sider,25,auc,0.6400709219858156,0.7605263157894737,x01,42
sider,26,auc,0.6000918273645547,0.6609302325581395,x01,42
hiv,0,auc,0.8027433140336366,0.7682781674492299,x01,42
muv,0,auc,0.7554157931516422,nan,x01,42
muv,1,auc,0.8180796403339756,0.9709336465061655,x01,42
muv,2,auc,0.8364050056882821,0.7887595163457233,x01,42
muv,3,auc,0.8147915168943206,0.9311475409836065,x01,42
muv,4,auc,0.7523900573613767,0.5496031746031746,x01,42
muv,5,auc,0.9353019243530193,0.8366733466933868,x01,42
muv,6,auc,0.7716944645878656,0.5294318959616701,x01,42
muv,7,auc,0.9979946524064172,0.9736215112321307,x01,42
muv,8,auc,0.7789799072642968,0.6384785819793205,x01,42
muv,9,auc,0.7347506960263225,0.5686274509803921,x01,42
muv,10,auc,0.8828406633020909,0.5743721461187214,x01,42
muv,11,auc,0.9153963414634146,0.8351268255188317,x01,42
muv,12,auc,0.9842919842919843,nan,x01,42
muv,13,auc,0.9987071751777634,0.9693103448275862,x01,42
muv,14,auc,0.914921875,0.8158523344191096,x01,42
muv,15,auc,0.6946096654275093,0.9809424809424809,x01,42
muv,16,auc,nan,0.5990482514386897,x01,42
