config_id,n_estimators,max_depth,learning_rate,min_child_weight,subsample,colsample_bytree,reg_lambda,reg_alpha,gamma
x01,500,4,0.05,1.0,0.9,0.8,1.0,0.0,0.0
x02,800,4,0.03,1.0,0.85,0.8,1.0,0.0,0.0
x03,600,6,0.05,1.0,0.85,0.75,1.0,0.0,0.0
x04,900,6,0.03,1.0,0.8,0.75,1.0,0.0,0.0
x05,800,6,0.05,5.0,0.8,0.7,2.0,0.0,0.0
x06,1000,8,0.03,5.0,0.8,0.7,2.0,0.0,0.0
x07,700,8,0.05,10.0,0.75,0.65,3.0,0.0,0.0
x08,1200,6,0.02,1.0,1.0,0.9,1.0,0.0,0.0
x09,1000,4,0.03,5.0,1.0,0.8,1.0,0.0,0.0
x10,800,5,0.04,3.0,0.9,0.8,1.5,0.0,0.0
