task,task_type,metric,feature_mode,fingerprint,n_targets,n_train,n_valid,n_test,n_feature_failures,n_anchors,valid,test,elapsed_sec,config_id,seed,benchmark
bbbp,classification,auc,tanimoto,FP4,1,1631,204,204,0,64,0.9322911480633277,0.677710262345679,1.083,t01,42,BBBP
bace,classification,auc,tanimoto,FP4,1,1210,151,152,0,64,0.7014652014652014,0.790471222396105,0.906,t01,42,BACE
clintox,classification,auc,tanimoto,FP4,2,1182,148,148,0,64,0.9440592271578188,0.7930577277308588,0.855,t01,42,ClinTox
tox21,classification,auc,tanimoto,FP4,12,6264,783,784,0,64,0.6984001720352951,0.6650863517569505,3.595,t01,42,Tox21
toxcast,classification,auc,tanimoto,FP4,617,6860,858,858,0,64,0.6806360111849717,0.5815016156112084,30.107,t01,42,ToxCast
sider,classification,auc,tanimoto,FP4,27,1141,143,143,0,64,0.6293315678928876,0.6032669170458038,2.374,t01,42,SIDER
hiv,classification,auc,tanimoto,FP4,1,32901,4113,4113,0,64,0.6569817999216148,0.6700815002220978,18.339,t01,42,HIV
muv,classification,auc,tanimoto,FP4,17,74469,9309,9309,0,64,0.7936417062717827,0.6598577080411125,40.759,t01,42,MUV
esol,regression,rmse,tanimoto,FP4,1,902,113,113,0,64,1.699326041799959,1.8789501704264369,0.305,t01,42,ESOL
freesolv,regression,rmse,tanimoto,FP4,1,513,64,65,0,64,5.860364413290676,3.4337913342084163,0.136,t01,42,FreeSolv
lipo,regression,rmse,tanimoto,FP4,1,3360,420,420,0,64,1.1382222051020987,1.05931250119399,1.939,t01,42,Lipo
qm7dft,regression,mae,tanimoto,FP4,1,5464,685,681,0,64,134.009692391205,135.72811826730828,1.189,t01,42,QM7
qm8dft,regression,mae,tanimoto,FP4,12,17428,2179,2179,0,64,0.02500325020563349,0.027001023017873896,4.858,t01,42,QM8
qm9dft,regression,mae,tanimoto,FP4,3,107108,13388,13389,0,64,0.016752848939580945,0.019341858707301447,26.865,t01,42,QM9
bbbp,classification,auc,tanimoto,FP4,1,1631,204,204,0,96,0.9392611769391616,0.6703800154320988,1.016,t02,42,BBBP
bace,classification,auc,tanimoto,FP4,1,1210,151,152,0,96,0.697069597069597,0.810641627543036,0.937,t02,42,BACE
clintox,classification,auc,tanimoto,FP4,2,1182,148,148,0,96,0.9383769985882662,0.8096496715670942,0.911,t02,42,ClinTox
tox21,classification,auc,tanimoto,FP4,12,6264,783,784,0,96,0.7103626129009215,0.6856727208463362,4.124,t02,42,Tox21
toxcast,classification,auc,tanimoto,FP4,617,6860,858,858,0,96,0.6867069187429008,0.5730310202737741,47.749,t02,42,ToxCast
sider,classification,auc,tanimoto,FP4,27,1141,143,143,0,96,0.6381062971581506,0.6023035569848803,12.28,t02,42,SIDER
hiv,classification,auc,tanimoto,FP4,1,32901,4113,4113,0,96,0.7060445448755633,0.694650340871782,411.119,t02,42,HIV
muv,classification,auc,tanimoto,FP4,17,74469,9309,9309,0,96,0.7777139090541914,0.6649221116596017,572.298,t02,42,MUV
esol,regression,rmse,tanimoto,FP4,1,902,113,113,0,96,1.7388429459605133,1.843570626547701,0.349,t02,42,ESOL
freesolv,regression,rmse,tanimoto,FP4,1,513,64,65,0,96,5.651053026326642,3.312485862253166,0.182,t02,42,FreeSolv
lipo,regression,rmse,tanimoto,FP4,1,3360,420,420,0,96,1.1100485525935488,1.0572879965249582,2.088,t02,42,Lipo
qm7dft,regression,mae,tanimoto,FP4,1,5464,685,681,0,96,133.97627502146565,133.4460633871274,1.405,t02,42,QM7
qm8dft,regression,mae,tanimoto,FP4,12,17428,2179,2179,0,96,0.024287574380771268,0.026445197046173183,6.26,t02,42,QM8
qm9dft,regression,mae,tanimoto,FP4,3,107108,13388,13389,0,96,0.015091149692030174,0.01763413199493306,29.348,t02,42,QM9
bbbp,classification,auc,tanimoto,FP4,1,1631,204,204,0,128,0.9420491884894951,0.6879340277777778,1.058,t03,42,BBBP
bace,classification,auc,tanimoto,FP4,1,1210,151,152,0,128,0.7009157509157509,0.7932533472439576,0.952,t03,42,BACE
clintox,classification,auc,tanimoto,FP4,2,1182,148,148,0,128,0.9243171148100726,0.8648498592430404,0.962,t03,42,ClinTox
tox21,classification,auc,tanimoto,FP4,12,6264,783,784,0,128,0.7171380115488883,0.6838682823485452,4.342,t03,42,Tox21
toxcast,classification,auc,tanimoto,FP4,617,6860,858,858,0,128,0.6880447758307501,0.5777266821846463,55.378,t03,42,ToxCast
sider,classification,auc,tanimoto,FP4,27,1141,143,143,0,128,0.6303769061500347,0.6161337246505888,3.909,t03,42,SIDER
hiv,classification,auc,tanimoto,FP4,1,32901,4113,4113,0,128,0.6996956447187929,0.7225207130303791,18.431,t03,42,HIV
muv,classification,auc,tanimoto,FP4,17,74469,9309,9309,0,128,0.7726674766387471,0.6297951950915315,43.192,t03,42,MUV
esol,regression,rmse,tanimoto,FP4,1,902,113,113,0,128,1.7256171980265855,1.841473904569211,0.368,t03,42,ESOL
freesolv,regression,rmse,tanimoto,FP4,1,513,64,65,0,128,5.815316580890415,3.2664009545281387,0.163,t03,42,FreeSolv
lipo,regression,rmse,tanimoto,FP4,1,3360,420,420,0,128,1.1183144325353636,1.0586036695446484,2.05,t03,42,Lipo
qm7dft,regression,mae,tanimoto,FP4,1,5464,685,681,0,128,135.88050691544626,131.9904930161118,1.309,t03,42,QM7
qm8dft,regression,mae,tanimoto,FP4,12,17428,2179,2179,0,128,0.02423028272918033,0.026323064665194035,6.066,t03,42,QM8
qm9dft,regression,mae,tanimoto,FP4,3,107108,13388,13389,0,128,0.01483600236107629,0.01724782264754721,29.228,t03,42,QM9
bbbp,classification,auc,tanimoto,FP4,1,1631,204,204,0,96,0.9413521856019118,0.6807002314814815,1.061,t04,42,BBBP
bace,classification,auc,tanimoto,FP4,1,1210,151,152,0,96,0.7194139194139194,0.7922100504260129,0.964,t04,42,BACE
clintox,classification,auc,tanimoto,FP4,2,1182,148,148,0,96,0.942734495551397,0.8287891425989643,0.979,t04,42,ClinTox
tox21,classification,auc,tanimoto,FP4,12,6264,783,784,0,96,0.7136221366875523,0.6864334999442732,4.642,t04,42,Tox21
toxcast,classification,auc,tanimoto,FP4,617,6860,858,858,0,96,0.6895176456772438,0.574823794642636,58.618,t04,42,ToxCast
sider,classification,auc,tanimoto,FP4,27,1141,143,143,0,96,0.6460047056099866,0.6056122119619292,4.006,t04,42,SIDER
hiv,classification,auc,tanimoto,FP4,1,32901,4113,4113,0,96,0.6940586419753086,0.7076845825527723,18.458,t04,42,HIV
muv,classification,auc,tanimoto,FP4,17,74469,9309,9309,0,96,0.7711585067082377,0.6606368259935955,42.718,t04,42,MUV
esol,regression,rmse,tanimoto,FP4,1,902,113,113,0,96,1.69077911080672,1.8199895995323807,0.349,t04,42,ESOL
freesolv,regression,rmse,tanimoto,FP4,1,513,64,65,0,96,5.685408730577507,3.3079368291835656,0.169,t04,42,FreeSolv
lipo,regression,rmse,tanimoto,FP4,1,3360,420,420,0,96,1.1159134286742787,1.0580597542846033,2.039,t04,42,Lipo
qm7dft,regression,mae,tanimoto,FP4,1,5464,685,681,0,96,134.91821034815376,131.86909747762724,1.284,t04,42,QM7
qm8dft,regression,mae,tanimoto,FP4,12,17428,2179,2179,0,96,0.02422578955330153,0.026401155001579676,6.041,t04,42,QM8
qm9dft,regression,mae,tanimoto,FP4,3,107108,13388,13389,0,96,0.014808855893643719,0.017362274894702597,28.792,t04,42,QM9
bbbp,classification,auc,tanimoto,FP4,1,1631,204,204,0,128,0.9429453350592453,0.6870659722222222,1.106,t05,42,BBBP
bace,classification,auc,tanimoto,FP4,1,1210,151,152,0,128,0.6945054945054945,0.7942966440619023,1.001,t05,42,BACE
clintox,classification,auc,tanimoto,FP4,2,1182,148,148,0,128,0.9339070553859287,0.8726827233865082,1.066,t05,42,ClinTox
tox21,classification,auc,tanimoto,FP4,12,6264,783,784,0,128,0.7184853078585132,0.6782140897458923,4.913,t05,42,Tox21
toxcast,classification,auc,tanimoto,FP4,617,6860,858,858,0,128,0.6904846875590788,0.5753054985881099,68.193,t05,42,ToxCast
sider,classification,auc,tanimoto,FP4,27,1141,143,143,0,128,0.6297151885353353,0.6221547919540349,4.417,t05,42,SIDER
hiv,classification,auc,tanimoto,FP4,1,32901,4113,4113,0,128,0.6758555016656869,0.710780432221557,18.381,t05,42,HIV
muv,classification,auc,tanimoto,FP4,17,74469,9309,9309,0,128,0.7614179791458382,0.6645141299603898,42.957,t05,42,MUV
esol,regression,rmse,tanimoto,FP4,1,902,113,113,0,128,1.7260158440177995,1.843038839408256,0.354,t05,42,ESOL
freesolv,regression,rmse,tanimoto,FP4,1,513,64,65,0,128,5.820292068383709,3.3558209737168,0.173,t05,42,FreeSolv
lipo,regression,rmse,tanimoto,FP4,1,3360,420,420,0,128,1.1091631971268279,1.0480758768997165,2.05,t05,42,Lipo
qm7dft,regression,mae,tanimoto,FP4,1,5464,685,681,0,128,134.74357773790192,140.2823025620939,1.291,t05,42,QM7
qm8dft,regression,mae,tanimoto,FP4,12,17428,2179,2179,0,128,0.02410269761570613,0.026100230877567257,6.244,t05,42,QM8
qm9dft,regression,mae,tanimoto,FP4,3,107108,13388,13389,0,128,0.014492594706435422,0.016906584868909665,29.066,t05,42,QM9
bbbp,classification,auc,tanimoto,FP4,1,1631,204,204,0,64,0.9290052773075774,0.6710551697530864,1.009,t06,42,BBBP
bace,classification,auc,tanimoto,FP4,1,1210,151,152,0,64,0.7311355311355311,0.8021213701964875,0.916,t06,42,BACE
clintox,classification,auc,tanimoto,FP4,2,1182,148,148,0,64,0.9311976755638727,0.8140644006533904,0.887,t06,42,ClinTox
tox21,classification,auc,tanimoto,FP4,12,6264,783,784,0,64,0.7240457432589729,0.6663330615854499,3.986,t06,42,Tox21
toxcast,classification,auc,tanimoto,FP4,617,6860,858,858,0,64,0.6909348092415356,0.5709414542897406,44.397,t06,42,ToxCast
sider,classification,auc,tanimoto,FP4,27,1141,143,143,0,64,0.6326241365751069,0.6114626539799836,3.178,t06,42,SIDER
hiv,classification,auc,tanimoto,FP4,1,32901,4113,4113,0,64,0.6778258499902018,0.7024469379478167,17.94,t06,42,HIV
muv,classification,auc,tanimoto,FP4,17,74469,9309,9309,0,64,0.7809944912741281,0.6806648782234205,41.007,t06,42,MUV
esol,regression,rmse,tanimoto,FP4,1,902,113,113,0,64,1.6927903602264487,1.8512834059493872,0.316,t06,42,ESOL
freesolv,regression,rmse,tanimoto,FP4,1,513,64,65,0,64,5.882734455597684,3.4148126648119055,0.148,t06,42,FreeSolv
lipo,regression,rmse,tanimoto,FP4,1,3360,420,420,0,64,1.1184301198106545,1.0485671496808564,1.959,t06,42,Lipo
qm7dft,regression,mae,tanimoto,FP4,1,5464,685,681,0,64,134.1071312648351,134.53817631522918,1.2,t06,42,QM7
qm8dft,regression,mae,tanimoto,FP4,12,17428,2179,2179,0,64,0.02452628221907924,0.026647897116306496,5.356,t06,42,QM8
qm9dft,regression,mae,tanimoto,FP4,3,107108,13388,13389,0,64,0.015681294357688443,0.01833824218381355,27.284,t06,42,QM9
bbbp,classification,auc,tanimoto,FP4,1,1631,204,204,0,96,0.9389624614159116,0.6779996141975309,1.067,t07,42,BBBP
bace,classification,auc,tanimoto,FP4,1,1210,151,152,0,96,0.7071428571428572,0.7951660580768563,0.963,t07,42,BACE
clintox,classification,auc,tanimoto,FP4,2,1182,148,148,0,96,0.9466807840047277,0.8511451708198658,1.009,t07,42,ClinTox
tox21,classification,auc,tanimoto,FP4,12,6264,783,784,0,96,0.7049184644476606,0.6844658937937834,4.382,t07,42,Tox21
toxcast,classification,auc,tanimoto,FP4,617,6860,858,858,0,96,0.690545699030296,0.5740066377139863,57.979,t07,42,ToxCast
sider,classification,auc,tanimoto,FP4,27,1141,143,143,0,96,0.6395495957358399,0.6043352624937958,3.824,t07,42,SIDER
hiv,classification,auc,tanimoto,FP4,1,32901,4113,4113,0,96,0.6946312218302959,0.7181502153382645,18.132,t07,42,HIV
muv,classification,auc,tanimoto,FP4,17,74469,9309,9309,0,96,0.777482778724758,0.67633763910206,42.042,t07,42,MUV
esol,regression,rmse,tanimoto,FP4,1,902,113,113,0,96,1.708756567743009,1.8104626614543022,0.342,t07,42,ESOL
freesolv,regression,rmse,tanimoto,FP4,1,513,64,65,0,96,5.735851115048348,3.3669389392769036,0.19,t07,42,FreeSolv
lipo,regression,rmse,tanimoto,FP4,1,3360,420,420,0,96,1.115453437545979,1.050114932262435,2.024,t07,42,Lipo
qm7dft,regression,mae,tanimoto,FP4,1,5464,685,681,0,96,134.46725336462976,131.5109405924963,1.244,t07,42,QM7
qm8dft,regression,mae,tanimoto,FP4,12,17428,2179,2179,0,96,0.02416951436825672,0.026325929195622374,6.048,t07,42,QM8
qm9dft,regression,mae,tanimoto,FP4,3,107108,13388,13389,0,96,0.014720549387266852,0.01729470043722624,28.376,t07,42,QM9
bbbp,classification,auc,tanimoto,FP4,1,1631,204,204,0,128,0.9406551827143284,0.6762635030864198,1.097,t08,42,BBBP
bace,classification,auc,tanimoto,FP4,1,1210,151,152,0,128,0.6939560439560439,0.8069031472787341,0.99,t08,42,BACE
clintox,classification,auc,tanimoto,FP4,2,1182,148,148,0,128,0.9367288814471914,0.8894319327146978,1.023,t08,42,ClinTox
tox21,classification,auc,tanimoto,FP4,12,6264,783,784,0,128,0.7191845699544541,0.6794799023504859,4.847,t08,42,Tox21
toxcast,classification,auc,tanimoto,FP4,617,6860,858,858,0,128,0.691800197367467,0.5774594354201112,73.878,t08,42,ToxCast
sider,classification,auc,tanimoto,FP4,27,1141,143,143,0,128,0.6266652247406548,0.6112886463407959,4.546,t08,42,SIDER
hiv,classification,auc,tanimoto,FP4,1,32901,4113,4113,0,128,0.696090228786988,0.7311902508739064,18.194,t08,42,HIV
muv,classification,auc,tanimoto,FP4,17,74469,9309,9309,0,128,0.7582739081925294,0.6586498253040965,42.66,t08,42,MUV
esol,regression,rmse,tanimoto,FP4,1,902,113,113,0,128,1.7005897224009532,1.8553324858176947,0.357,t08,42,ESOL
freesolv,regression,rmse,tanimoto,FP4,1,513,64,65,0,128,5.897582871415851,3.3476718256315117,0.173,t08,42,FreeSolv
lipo,regression,rmse,tanimoto,FP4,1,3360,420,420,0,128,1.1105483419389122,1.045209874429294,2.048,t08,42,Lipo
qm7dft,regression,mae,tanimoto,FP4,1,5464,685,681,0,128,135.19774587727176,141.88394323641563,1.293,t08,42,QM7
qm8dft,regression,mae,tanimoto,FP4,12,17428,2179,2179,0,128,0.024088851425232486,0.02606735591000367,6.483,t08,42,QM8
qm9dft,regression,mae,tanimoto,FP4,3,107108,13388,13389,0,128,0.014431259923077628,0.016870447944867573,29.075,t08,42,QM9
bbbp,classification,auc,tanimoto,FP4,1,1631,204,204,0,96,0.9372697401174948,0.669897762345679,1.065,t09,42,BBBP
bace,classification,auc,tanimoto,FP4,1,1210,151,152,0,96,0.7058608058608059,0.816205877238741,0.971,t09,42,BACE
clintox,classification,auc,tanimoto,FP4,2,1182,148,148,0,96,0.9562461013165238,0.8372945122163139,0.937,t09,42,ClinTox
tox21,classification,auc,tanimoto,FP4,12,6264,783,784,0,96,0.7084839549156445,0.6766283829589831,4.672,t09,42,Tox21
toxcast,classification,auc,tanimoto,FP4,617,6860,858,858,0,96,0.6898362707640061,0.5739112676204958,59.794,t09,42,ToxCast
sider,classification,auc,tanimoto,FP4,27,1141,143,143,0,96,0.6479873244044988,0.6107974344596572,4.19,t09,42,SIDER
hiv,classification,auc,tanimoto,FP4,1,32901,4113,4113,0,96,0.7091324955908289,0.7181405589138454,18.071,t09,42,HIV
muv,classification,auc,tanimoto,FP4,17,74469,9309,9309,0,96,0.7902079903854167,0.6596903165941365,41.672,t09,42,MUV
esol,regression,rmse,tanimoto,FP4,1,902,113,113,0,96,1.7024823803243614,1.8330209269085747,0.347,t09,42,ESOL
freesolv,regression,rmse,tanimoto,FP4,1,513,64,65,0,96,5.687900960721241,3.3160194128422593,0.169,t09,42,FreeSolv
lipo,regression,rmse,tanimoto,FP4,1,3360,420,420,0,96,1.1130211043949707,1.051218455544815,2.02,t09,42,Lipo
qm7dft,regression,mae,tanimoto,FP4,1,5464,685,681,0,96,134.63435778897534,131.87780309003074,1.237,t09,42,QM7
qm8dft,regression,mae,tanimoto,FP4,12,17428,2179,2179,0,96,0.024210270128820863,0.026337814914248508,6.252,t09,42,QM8
qm9dft,regression,mae,tanimoto,FP4,3,107108,13388,13389,0,96,0.014609943577078552,0.017227221175329873,28.34,t09,42,QM9
bbbp,classification,auc,tanimoto,FP4,1,1631,204,204,0,128,0.9344817285671612,0.6707175925925926,1.045,t10,42,BBBP
bace,classification,auc,tanimoto,FP4,1,1210,151,152,0,128,0.7042124542124543,0.796904886106764,1.005,t10,42,BACE
clintox,classification,auc,tanimoto,FP4,2,1182,148,148,0,128,0.931559637545553,0.8622163139053973,1.092,t10,42,ClinTox
tox21,classification,auc,tanimoto,FP4,12,6264,783,784,0,128,0.7233045113884408,0.6881915390091119,5.112,t10,42,Tox21
toxcast,classification,auc,tanimoto,FP4,617,6860,858,858,0,128,0.6892965993740032,0.5759990923121567,72.176,t10,42,ToxCast
sider,classification,auc,tanimoto,FP4,27,1141,143,143,0,128,0.632055042901297,0.6185308655711536,4.74,t10,42,SIDER
hiv,classification,auc,tanimoto,FP4,1,32901,4113,4113,0,128,0.7001166593180482,0.7345506865717762,18.452,t10,42,HIV
muv,classification,auc,tanimoto,FP4,17,74469,9309,9309,0,128,0.7603266816053297,0.6705684742447224,42.92,t10,42,MUV
esol,regression,rmse,tanimoto,FP4,1,902,113,113,0,128,1.68975505660548,1.8392308477887493,0.374,t10,42,ESOL
freesolv,regression,rmse,tanimoto,FP4,1,513,64,65,0,128,5.855022739700347,3.3941206686179495,0.18,t10,42,FreeSolv
lipo,regression,rmse,tanimoto,FP4,1,3360,420,420,0,128,1.1068053979941037,1.036790753580032,2.075,t10,42,Lipo
qm7dft,regression,mae,tanimoto,FP4,1,5464,685,681,0,128,135.07805357152344,136.94624412378653,1.285,t10,42,QM7
qm8dft,regression,mae,tanimoto,FP4,12,17428,2179,2179,0,128,0.02408041450311201,0.026084056378316386,6.906,t10,42,QM8
qm9dft,regression,mae,tanimoto,FP4,3,107108,13388,13389,0,128,0.014384720278862879,0.01678241886121096,29.378,t10,42,QM9
bbbp,classification,auc,tanimoto,FP4,1,1631,204,204,0,80,0.9395598924624117,0.6695119598765432,0.995,t11,42,BBBP
bace,classification,auc,tanimoto,FP4,1,1210,151,152,0,80,0.7527472527472527,0.7313510693792384,0.889,t11,42,BACE
clintox,classification,auc,tanimoto,FP4,2,1182,148,148,0,80,0.9625398076102301,0.7655340944635596,0.847,t11,42,ClinTox
tox21,classification,auc,tanimoto,FP4,12,6264,783,784,0,80,0.7154390249575994,0.6747715413046792,3.941,t11,42,Tox21
toxcast,classification,auc,tanimoto,FP4,617,6860,858,858,0,80,0.6991521074825858,0.5738676546827143,39.722,t11,42,ToxCast
sider,classification,auc,tanimoto,FP4,27,1141,143,143,0,80,0.6432420186341483,0.6037304633511646,2.821,t11,42,SIDER
hiv,classification,auc,tanimoto,FP4,1,32901,4113,4113,0,80,0.6835531795022536,0.7202939415593194,17.846,t11,42,HIV
muv,classification,auc,tanimoto,FP4,17,74469,9309,9309,0,80,0.7857330158237633,0.6746102827355845,40.757,t11,42,MUV
esol,regression,rmse,tanimoto,FP4,1,902,113,113,0,80,1.723755357279467,1.8839086424323264,0.309,t11,42,ESOL
freesolv,regression,rmse,tanimoto,FP4,1,513,64,65,0,80,5.818206824207018,3.3934419280915717,0.144,t11,42,FreeSolv
lipo,regression,rmse,tanimoto,FP4,1,3360,420,420,0,80,1.1232729568908333,1.0488358263566482,1.952,t11,42,Lipo
qm7dft,regression,mae,tanimoto,FP4,1,5464,685,681,0,80,134.98793882179433,141.0527067512052,1.216,t11,42,QM7
qm8dft,regression,mae,tanimoto,FP4,12,17428,2179,2179,0,80,0.024363717134991567,0.026491492614554964,5.369,t11,42,QM8
qm9dft,regression,mae,tanimoto,FP4,3,107108,13388,13389,0,80,0.015476922341226175,0.017780863782423235,27.248,t11,42,QM9
bbbp,classification,auc,tanimoto,FP4,1,1631,204,204,0,112,0.9425968336154535,0.6458815586419753,0.991,t12,42,BBBP
bace,classification,auc,tanimoto,FP4,1,1210,151,152,0,112,0.6961538461538461,0.796904886106764,0.929,t12,42,BACE
clintox,classification,auc,tanimoto,FP4,2,1182,148,148,0,112,0.9094069076463442,0.8842847461161506,0.915,t12,42,ClinTox
tox21,classification,auc,tanimoto,FP4,12,6264,783,784,0,112,0.7144117721540385,0.6755670319974022,4.179,t12,42,Tox21
toxcast,classification,auc,tanimoto,FP4,617,6860,858,858,0,112,0.6939884426011174,0.5760480900952538,45.825,t12,42,ToxCast
sider,classification,auc,tanimoto,FP4,27,1141,143,143,0,112,0.6380119421683603,0.5987112683758112,3.289,t12,42,SIDER
hiv,classification,auc,tanimoto,FP4,1,32901,4113,4113,0,112,0.6820727390750538,0.6991260935900655,18.019,t12,42,HIV
muv,classification,auc,tanimoto,FP4,17,74469,9309,9309,0,112,0.7910730437123639,0.7123817383186786,41.262,t12,42,MUV
esol,regression,rmse,tanimoto,FP4,1,902,113,113,0,112,1.7066167032749007,1.8827390964419985,0.321,t12,42,ESOL
freesolv,regression,rmse,tanimoto,FP4,1,513,64,65,0,112,5.7867968321530965,3.327344001595308,0.153,t12,42,FreeSolv
lipo,regression,rmse,tanimoto,FP4,1,3360,420,420,0,112,1.1212345901999368,1.049272698308448,1.965,t12,42,Lipo
qm7dft,regression,mae,tanimoto,FP4,1,5464,685,681,0,112,134.25035294683593,132.82906048107643,1.227,t12,42,QM7
qm8dft,regression,mae,tanimoto,FP4,12,17428,2179,2179,0,112,0.024313166315905202,0.026339736930426006,5.728,t12,42,QM8
qm9dft,regression,mae,tanimoto,FP4,3,107108,13388,13389,0,112,0.015050729031732933,0.017568878867745896,28.507,t12,42,QM9
