task,target_index,metric,valid,test
bbbp,0,auc,0.8906701184904909,0.6490644290123457
bace,0,auc,0.6291208791208791,0.7636063293340288
clintox,0,auc,0.9531468531468531,0.9312549960031974
clintox,1,auc,0.9477699530516432,0.886231884057971
tox21,0,auc,0.7513559237697168,0.6982782496307238
tox21,1,auc,0.7864119601328904,0.7522879804759
tox21,2,auc,0.6584460102837555,0.6710315113626764
tox21,3,auc,0.6258922777417262,0.6494062682499513
tox21,4,auc,0.5945378151260504,0.5698360835781554
tox21,5,auc,0.7330696202531646,0.47013474093624114
tox21,6,auc,0.6905982905982906,0.5293282085561497
tox21,7,auc,0.5807372793354102,0.5565852019013781
tox21,8,auc,0.565027244049326,0.4848584739803094
tox21,9,auc,0.6321241258741259,0.6126596011015606
tox21,10,auc,0.6465763584407652,0.6888549124900557
tox21,11,auc,0.562520325203252,0.5921093347086127
toxcast,0,auc,0.5449013157894737,0.5141882183908046
toxcast,1,auc,0.7098646034816247,0.5083114610673666
toxcast,2,auc,0.5065392354124748,0.49702380952380953
toxcast,3,auc,0.5833333333333334,0.5311653116531165
toxcast,4,auc,0.580542264752791,0.5722853535353535
toxcast,5,auc,0.5681818181818182,0.5653061224489796
toxcast,6,auc,0.5431995540691192,0.5564435564435565
toxcast,7,auc,0.5457875457875457,0.5954332552693209
toxcast,8,auc,0.6353333333333333,0.6179278642149929
toxcast,9,auc,0.6266233766233766,0.5636856368563685
toxcast,10,auc,0.6644869215291751,0.5871153846153846
toxcast,11,auc,0.5538095238095239,0.5858851674641148
toxcast,12,auc,1.0,0.5685483870967742
toxcast,13,auc,0.5964373464373465,0.5753676470588235
toxcast,14,auc,0.8703703703703703,0.4985754985754986
toxcast,15,auc,0.5375,0.5901360544217688
toxcast,16,auc,0.5829346092503987,0.555090206185567
toxcast,17,auc,0.5933660933660934,0.49298245614035086
toxcast,18,auc,0.5472470238095238,0.5335051546391752
toxcast,19,auc,0.5721212121212121,0.5173417721518987
toxcast,20,auc,0.7577160493827161,0.6090785907859079
toxcast,21,auc,0.9156626506024096,0.3970189701897019
toxcast,22,auc,0.6656626506024096,0.2618110236220472
toxcast,23,auc,0.6209677419354839,0.5514520202020202
toxcast,24,auc,0.5114080834419817,0.4917989417989418
toxcast,25,auc,0.6022727272727273,0.3723404255319149
toxcast,26,auc,0.72,0.5597072419106317
toxcast,27,auc,0.48878205128205127,0.5124401913875598
toxcast,28,auc,0.574212271973466,0.5687765205091938
toxcast,29,auc,0.5642307692307692,0.5466565349544072
toxcast,30,auc,0.6,0.6598639455782312
toxcast,31,auc,0.6481481481481481,0.6615384615384615
toxcast,32,auc,0.7109375,0.5885167464114832
toxcast,33,auc,0.7368421052631579,0.4705128205128205
toxcast,34,auc,0.6714285714285714,0.4820574162679426
toxcast,35,auc,0.6148148148148148,0.6770334928229665
toxcast,36,auc,0.6259259259259259,0.5213963963963963
toxcast,37,auc,0.5892857142857143,0.5083732057416268
toxcast,38,auc,0.6953125,0.8430555555555556
toxcast,39,auc,0.57421875,0.4380630630630631
toxcast,40,auc,0.6507936507936508,0.4708333333333333
toxcast,41,auc,0.6590909090909091,0.5717054263565892
toxcast,42,auc,0.631578947368421,0.48643410852713176
toxcast,43,auc,0.8409090909090909,0.717391304347826
toxcast,44,auc,0.6625,0.55
toxcast,45,auc,0.6775510204081633,0.7565524193548387
toxcast,46,auc,0.546765350877193,0.4899876659653196
toxcast,47,auc,0.6977157360406091,0.4805933942899795
toxcast,48,auc,0.715566037735849,0.6082677165354331
toxcast,49,auc,0.6326291079812206,0.4311023622047244
toxcast,50,auc,0.6736760124610592,0.5673306772908366
toxcast,51,auc,0.7164404223227753,0.4644396551724138
toxcast,52,auc,0.6812169312169312,0.6197087378640777
toxcast,53,auc,0.6049641148325359,0.5273820829376384
toxcast,54,auc,0.6393513701005896,0.5561139028475712
toxcast,55,auc,0.7342414529914529,0.7223805001582779
toxcast,56,auc,0.4565727699530516,0.5111553784860557
toxcast,57,auc,0.5490851513019,0.5102459016393442
toxcast,58,auc,0.5994787693872362,0.5835034013605442
toxcast,59,auc,0.5533018867924528,0.7944664031620553
toxcast,60,auc,0.7040409295872355,0.6574495770982434
toxcast,61,auc,0.6038647342995169,0.531
toxcast,62,auc,0.6738989637305699,0.6153199741435036
toxcast,63,auc,0.5624300111982082,0.5400486304798684
toxcast,64,auc,0.667687074829932,0.5024801587301587
toxcast,65,auc,0.46072607260726073,0.5585365853658537
toxcast,66,auc,0.6866111689212626,0.6480153036824486
toxcast,67,auc,0.5861788617886179,0.5380857206306906
toxcast,68,auc,0.7164296998420221,0.7881944444444444
toxcast,69,auc,0.6666666666666666,0.5893922651933702
toxcast,70,auc,0.5641399416909622,0.5902184235517569
toxcast,71,auc,0.5338321405335068,0.47282608695652173
toxcast,72,auc,0.7529342723004695,0.7972111553784861
toxcast,73,auc,0.8320754716981132,0.46161417322834647
toxcast,74,auc,nan,0.19019607843137254
toxcast,75,auc,0.5600125156445557,0.5706919945725916
toxcast,76,auc,0.5998092265001734,0.5973520249221184
toxcast,77,auc,0.7756410256410257,0.7465447154471545
toxcast,78,auc,0.5422647527910686,0.45225752508361206
toxcast,79,auc,0.48753894080996885,0.7588235294117647
toxcast,80,auc,0.5731884057971014,0.5063745019920318
toxcast,81,auc,0.564622641509434,0.582
toxcast,82,auc,0.5552922590837283,0.5828210382513661
toxcast,83,auc,0.6283828382838283,0.5311624649859944
toxcast,84,auc,0.825,0.803921568627451
toxcast,85,auc,0.7842420212765957,0.6080402010050251
toxcast,86,auc,0.635024154589372,0.5539888682745826
toxcast,87,auc,0.5695102685624013,0.7125984251968503
toxcast,88,auc,0.5440140845070423,0.43017127799736493
toxcast,89,auc,0.5342039800995025,0.5755633255633256
toxcast,90,auc,0.7222772277227723,0.629296875
toxcast,91,auc,0.5367298578199052,0.5596672403901319
toxcast,92,auc,0.386046511627907,0.40476190476190477
toxcast,93,auc,0.6046603475513428,0.7106854838709677
toxcast,94,auc,0.5928923293455313,0.4971695791287226
toxcast,95,auc,0.6262951334379906,0.5472184531886024
toxcast,96,auc,0.5639671361502347,0.6278884462151394
toxcast,97,auc,0.8697674418604651,0.5699404761904762
toxcast,98,auc,0.6202559576345984,0.6008064516129032
toxcast,99,auc,0.6003521126760564,0.47035573122529645
toxcast,100,auc,0.6793048973143759,0.6091463414634146
toxcast,101,auc,0.6373873873873874,0.503358843537415
toxcast,102,auc,0.49632132132132134,0.5053661616161617
toxcast,103,auc,0.616822429906542,0.4580705009276438
toxcast,104,auc,0.6330419580419581,0.4712159863945578
toxcast,105,auc,0.4481132075471698,nan
toxcast,106,auc,0.6245283018867924,0.4332157258064516
toxcast,107,auc,0.6653061224489796,0.3673155737704918
toxcast,108,auc,0.6325581395348837,0.25098039215686274
toxcast,109,auc,0.3585680751173709,0.47045765027322406
toxcast,110,auc,0.5857793522267206,0.546598530820824
toxcast,111,auc,0.5537735849056604,0.6843137254901961
toxcast,112,auc,0.7110042735042735,0.6014394961763383
toxcast,113,auc,0.5322966507177034,0.4536290322580645
toxcast,114,auc,0.9861111111111112,0.22156862745098038
toxcast,115,auc,0.5583133971291866,0.5368906455862977
toxcast,116,auc,0.7187993680884676,0.6083665338645419
toxcast,117,auc,0.5686619718309859,0.5270916334661354
toxcast,118,auc,0.9186046511627907,0.5024801587301587
toxcast,119,auc,0.5537735849056604,0.6843137254901961
toxcast,120,auc,0.7625850340136054,0.5840163934426229
toxcast,121,auc,0.439622641509434,0.4298804780876494
toxcast,122,auc,0.6424528301886793,0.8229166666666666
toxcast,123,auc,0.5435323383084577,0.5354808590102708
toxcast,124,auc,0.7422248803827751,0.6533333333333333
toxcast,125,auc,0.6174991328477281,0.60107421875
toxcast,126,auc,0.7036764705882353,0.5538177988414955
toxcast,127,auc,0.5036764705882353,0.6202912314023425
toxcast,128,auc,0.6291478129713424,0.6164396342601232
toxcast,129,auc,0.7045813586097947,0.6533963112910481
toxcast,130,auc,0.6615646258503401,0.4262187088274045
toxcast,131,auc,0.607008547008547,0.5727391874180865
toxcast,132,auc,0.5570754716981132,0.6172595520421608
toxcast,133,auc,0.6449683321604504,0.506079027355623
toxcast,134,auc,0.6261737089201878,0.6240157480314961
toxcast,135,auc,0.6867571059431524,0.6281288543858377
toxcast,136,auc,0.5370370370370371,0.5535714285714286
toxcast,137,auc,0.6334407612031921,0.5982057416267943
toxcast,138,auc,0.5422535211267606,0.6865079365079365
toxcast,139,auc,0.8092006033182504,0.6799392097264437
toxcast,140,auc,0.7081358609794629,0.39243027888446214
toxcast,141,auc,0.6044049769215332,0.5803532422143169
toxcast,142,auc,0.5070048309178744,0.49536178107606677
toxcast,143,auc,0.6797653487624558,0.566031155545222
toxcast,144,auc,0.5911749069643807,0.6233552631578947
toxcast,145,auc,0.6583112290008841,0.6521538360050135
toxcast,146,auc,0.7104651162790697,0.7559055118110236
toxcast,147,auc,0.641158315177923,0.5667496886674969
toxcast,148,auc,0.6754504504504505,0.5631091421667338
toxcast,149,auc,0.5244708994708994,0.4472573839662447
toxcast,150,auc,0.6297846889952153,0.4885552547378784
toxcast,151,auc,0.6394117647058823,0.43072916666666666
toxcast,152,auc,0.7511627906976744,0.4752988047808765
toxcast,153,auc,0.3613744075829384,0.38
toxcast,154,auc,0.722488038277512,0.4993252361673414
toxcast,155,auc,0.6330188679245283,0.5549019607843138
toxcast,156,auc,0.6947409733124019,0.580583697369644
toxcast,157,auc,0.5934782608695652,0.6342629482071713
toxcast,158,auc,0.9314641744548287,0.7839262187088274
toxcast,159,auc,0.6302325581395349,0.4725490196078431
toxcast,160,auc,0.6597222222222222,0.1889763779527559
toxcast,161,auc,0.624198717948718,0.4246031746031746
toxcast,162,auc,0.6453396524486572,0.371
toxcast,163,auc,0.6753484959647835,0.6049410029498525
toxcast,164,auc,0.70481220657277,0.4855072463768116
toxcast,165,auc,0.6972457167642594,0.6647392767031118
toxcast,166,auc,0.5892094017094017,0.4987012987012987
toxcast,167,auc,0.6488372093023256,0.4681274900398406
toxcast,168,auc,0.6041666666666666,0.7608695652173914
toxcast,169,auc,0.6323011963406052,0.5533405172413793
toxcast,170,auc,nan,0.35375494071146246
toxcast,171,auc,0.5586336336336336,0.521226706158213
toxcast,172,auc,0.687200956937799,0.5144308943089431
toxcast,173,auc,0.6636171710063336,0.5276639344262295
toxcast,174,auc,0.7194835680751174,0.7096456692913385
toxcast,175,auc,0.6583778966131907,0.6380050505050505
toxcast,176,auc,0.6686153441933789,0.6093626024861147
toxcast,177,auc,0.6503115264797508,0.27460629921259844
toxcast,178,auc,0.6001794258373205,0.3992352676563203
toxcast,179,auc,0.6831456720619282,0.5949341438703141
toxcast,180,auc,0.5221169036334913,0.6195219123505976
toxcast,181,auc,0.8262910798122066,0.528125
toxcast,182,auc,0.6105919003115264,nan
toxcast,183,auc,0.6762931034482759,0.6100410967306631
toxcast,184,auc,0.8604651162790697,0.4015748031496063
toxcast,185,auc,0.8060747663551402,0.7883333333333333
toxcast,186,auc,0.721123417721519,0.7358796296296296
toxcast,187,auc,0.8865740740740741,0.3169291338582677
toxcast,188,auc,0.6466763005780347,0.5882775119617225
toxcast,189,auc,0.7422595520421608,0.6169893190921228
toxcast,190,auc,0.6652439024390244,0.5811818703384969
toxcast,191,auc,0.5960918614020951,0.5441954834156669
toxcast,192,auc,0.5833333333333334,0.5623067408781695
toxcast,193,auc,0.5576923076923077,0.633843537414966
toxcast,194,auc,0.5610079575596817,0.5227272727272727
toxcast,195,auc,0.5909610983981693,0.5941176470588235
toxcast,196,auc,0.5195652173913043,0.5447761194029851
toxcast,197,auc,0.6330419580419581,0.46227581941867657
toxcast,198,auc,0.5505050505050505,0.5978810879190386
toxcast,199,auc,0.4733009708737864,0.6255274261603375
toxcast,200,auc,0.5417525773195876,0.4998479318734793
toxcast,201,auc,0.5877314814814815,0.5416141235813366
toxcast,202,auc,0.6754901960784314,0.6195175438596491
toxcast,203,auc,0.5464357429718876,0.5867346938775511
toxcast,204,auc,0.5152509652509653,0.6184391080617496
toxcast,205,auc,0.5976134585289515,0.4596955128205128
toxcast,206,auc,0.589375,0.5531738118976404
toxcast,207,auc,0.6772763900080581,0.6155612244897959
toxcast,208,auc,0.6089285714285714,0.5498299319727891
toxcast,209,auc,0.7904761904761904,0.4717068645640074
toxcast,210,auc,0.6144366197183099,0.5620187479075996
toxcast,211,auc,0.5933786078098472,0.479073756432247
toxcast,212,auc,0.5484449760765551,0.6395588235294117
toxcast,213,auc,0.5643039049235993,0.49206773618538324
toxcast,214,auc,0.32857142857142857,0.3050314465408805
toxcast,215,auc,0.5379166666666667,0.5173267326732673
toxcast,216,auc,0.5143540669856459,0.5203798054654933
toxcast,217,auc,0.5495568090249798,0.5391672547635851
toxcast,218,auc,0.49381868131868134,0.5337003222341569
toxcast,219,auc,0.5032608695652174,0.5511764705882353
toxcast,220,auc,0.55,0.608251633986928
toxcast,221,auc,0.5534146341463415,0.4435840707964602
toxcast,222,auc,0.4691011235955056,0.505328798185941
toxcast,223,auc,0.5347701149425287,0.5254360465116279
toxcast,224,auc,0.5471264367816092,0.5427320075757576
toxcast,225,auc,0.5407066052227343,0.5517199612403101
toxcast,226,auc,0.8191747572815534,0.959915611814346
toxcast,227,auc,0.5425824175824175,0.5191115702479339
toxcast,228,auc,0.6040229885057471,0.5619383825417201
toxcast,229,auc,0.7022664835164835,0.5551825993555317
toxcast,230,auc,0.6980392156862745,0.5463821892393321
toxcast,231,auc,0.7381342062193126,0.5812908496732027
toxcast,232,auc,0.4394736842105263,0.5497794580970384
toxcast,233,auc,0.593859649122807,0.7123420796890184
toxcast,234,auc,0.545417348608838,0.5617866004962779
toxcast,235,auc,0.7900641025641025,0.5151273885350318
toxcast,236,auc,0.5415032679738562,0.5654592803030303
toxcast,237,auc,0.5072815533980582,0.7961783439490446
toxcast,238,auc,0.5508771929824562,0.5466200466200466
toxcast,239,auc,0.5989247311827957,0.46572769953051646
toxcast,240,auc,0.5707547169811321,nan
toxcast,241,auc,0.6252577319587629,0.5936764705882352
toxcast,242,auc,0.9391025641025641,0.815625
toxcast,243,auc,0.5261494252873563,0.5882994186046512
toxcast,244,auc,0.5145631067961165,0.6227272727272727
toxcast,245,auc,0.6815508021390374,0.573139974779319
toxcast,246,auc,0.6702127659574468,0.5010644768856448
toxcast,247,auc,0.7024521531100478,0.49193548387096775
toxcast,248,auc,0.4807142857142857,0.7162293488824101
toxcast,249,auc,0.5634057971014492,0.5718513257575758
toxcast,250,auc,0.8773584905660378,0.334375
toxcast,251,auc,0.554531490015361,0.5937321937321938
toxcast,252,auc,0.6086847389558233,0.5808390022675737
toxcast,253,auc,0.5321759259259259,0.4731243001119821
toxcast,254,auc,0.7122641509433962,0.3858974358974359
toxcast,255,auc,0.5359477124183006,0.5174444444444445
toxcast,256,auc,0.7358490566037735,0.36730769230769234
toxcast,257,auc,0.5708435708435708,0.5409090909090909
toxcast,258,auc,0.5270114942528735,0.5843782654127482
toxcast,259,auc,0.5454042081949059,0.5018888888888889
toxcast,260,auc,0.536144578313253,0.5053875236294896
toxcast,261,auc,0.5765550239234449,0.5338709677419354
toxcast,262,auc,0.5980392156862745,0.49698694342149313
toxcast,263,auc,0.53315649867374,0.5314685314685315
toxcast,264,auc,0.6598039215686274,0.7616033755274262
toxcast,265,auc,0.548372513562387,0.5287114845938375
toxcast,266,auc,0.7657766990291263,0.7173566878980892
toxcast,267,auc,0.5470925470925471,0.5721264367816092
toxcast,268,auc,0.37142857142857144,0.36129032258064514
toxcast,269,auc,0.503125,0.5452617994100295
toxcast,270,auc,0.5781746031746032,0.5046753705010586
toxcast,271,auc,0.6013770180436847,0.6485754985754986
toxcast,272,auc,0.5891752577319588,0.7108843537414966
toxcast,273,auc,0.5543916196615633,0.5203381319049213
toxcast,274,auc,0.5708828522920204,0.5452921395544347
toxcast,275,auc,0.7843137254901961,0.6405925155925156
toxcast,276,auc,0.5641821946169773,0.5816793893129771
toxcast,277,auc,0.6186274509803922,0.7834437086092715
toxcast,278,auc,0.5871031746031746,0.5081343025268259
toxcast,279,auc,0.5544776119402985,0.5110047846889952
toxcast,280,auc,0.612615823235923,0.5203525641025641
toxcast,281,auc,0.571062271062271,0.6094555412371134
toxcast,282,auc,0.6074626865671642,0.5844689028651293
toxcast,283,auc,0.7357142857142858,0.6990066225165563
toxcast,284,auc,0.5890541571319603,0.5631377551020408
toxcast,285,auc,0.8476190476190476,0.7056291390728476
toxcast,286,auc,0.5833333333333334,0.5045169616519174
toxcast,287,auc,0.49748995983935745,0.5270975056689342
toxcast,288,auc,0.649537037037037,0.5719954648526077
toxcast,289,auc,0.8414285714285714,0.5021865889212828
toxcast,290,auc,0.5517543859649123,0.4901234567901235
toxcast,291,auc,0.5547619047619048,0.5452935222672065
toxcast,292,auc,0.573125,0.5841194968553459
toxcast,293,auc,0.5892156862745098,0.5066162570888468
toxcast,294,auc,0.6988448844884488,0.5258064516129032
toxcast,295,auc,0.5337078651685393,0.5548645660585959
toxcast,296,auc,0.5502971137521222,0.5033868092691622
toxcast,297,auc,0.6476631748589847,0.5259605399792315
toxcast,298,auc,0.4703208556149733,0.5528455284552846
toxcast,299,auc,0.5062111801242236,0.48623371164354773
toxcast,300,auc,0.7281553398058253,0.43013245033112585
toxcast,301,auc,0.52660406885759,0.4766156462585034
toxcast,302,auc,0.6130328441649197,0.5230151374729688
toxcast,303,auc,0.5382003395585738,0.5287420679357969
toxcast,304,auc,0.5115461847389559,0.5801373106060606
toxcast,305,auc,0.5491341991341991,0.5006988120195668
toxcast,306,auc,0.600250626566416,0.6085069444444444
toxcast,307,auc,0.5303030303030303,0.4171401515151515
toxcast,308,auc,0.7008547008547008,0.5781395348837209
toxcast,309,auc,0.7896551724137931,0.3195146612740142
toxcast,310,auc,0.6897321428571429,0.47699757869249393
toxcast,311,auc,0.6323529411764706,0.63125
toxcast,312,auc,0.5604838709677419,0.4894613583138173
toxcast,313,auc,0.736328125,0.5725047080979284
toxcast,314,auc,0.525974025974026,0.5984126984126984
toxcast,315,auc,0.6541666666666667,0.38338192419825073
toxcast,316,auc,0.6146666666666667,0.6293269230769231
toxcast,317,auc,0.7421875,0.5253411306042886
toxcast,318,auc,0.6811224489795918,0.6521739130434783
toxcast,319,auc,0.6773333333333333,0.5184782608695652
toxcast,320,auc,0.8809523809523809,0.2972222222222222
toxcast,321,auc,0.65234375,0.525
toxcast,322,auc,0.671875,0.690562613430127
toxcast,323,auc,0.6746031746031746,0.5970961887477314
toxcast,324,auc,0.7083333333333334,0.6051020408163266
toxcast,325,auc,0.6643356643356644,0.7466329966329966
toxcast,326,auc,0.6293706293706294,0.5294612794612794
toxcast,327,auc,0.6851851851851852,0.6538461538461539
toxcast,328,auc,0.6888111888111889,0.6190476190476191
toxcast,329,auc,0.4857142857142857,0.6120401337792643
toxcast,330,auc,0.7035714285714286,0.6535087719298246
toxcast,331,auc,0.75,0.612037037037037
toxcast,332,auc,0.7615384615384615,0.6072727272727273
toxcast,333,auc,0.746031746031746,0.5071225071225072
toxcast,334,auc,0.75,0.4909090909090909
toxcast,335,auc,0.6825396825396826,0.275
toxcast,336,auc,0.7,0.45495495495495497
toxcast,337,auc,0.9090909090909091,0.538109756097561
toxcast,338,auc,0.5875,0.6918604651162791
toxcast,339,auc,0.4837662337662338,0.6290760869565217
toxcast,340,auc,0.8026315789473685,0.35802469135802467
toxcast,341,auc,0.68,0.509375
toxcast,342,auc,0.75,0.47413793103448276
toxcast,343,auc,nan,nan
toxcast,344,auc,0.6539473684210526,0.6739130434782609
toxcast,345,auc,0.74,0.6085526315789473
toxcast,346,auc,0.8416666666666667,0.4791666666666667
toxcast,347,auc,0.42857142857142855,0.2625
toxcast,348,auc,0.4444444444444444,0.8333333333333334
toxcast,349,auc,nan,0.5641025641025641
toxcast,350,auc,0.7954545454545454,0.5406189555125726
toxcast,351,auc,0.9,0.7137931034482758
toxcast,352,auc,0.6875,0.4
toxcast,353,auc,0.4097222222222222,0.6333333333333333
toxcast,354,auc,0.3,nan
toxcast,355,auc,0.875,1.0
toxcast,356,auc,0.7638888888888888,0.5
toxcast,357,auc,nan,0.875
toxcast,358,auc,0.85,0.46153846153846156
toxcast,359,auc,0.5416666666666666,0.4669421487603306
toxcast,360,auc,1.0,0.7083333333333334
toxcast,361,auc,0.575,0.7386363636363636
toxcast,362,auc,0.75,0.7654320987654321
toxcast,363,auc,0.8,0.75
toxcast,364,auc,0.7083333333333334,0.40476190476190477
toxcast,365,auc,0.75,0.047619047619047616
toxcast,366,auc,0.8653846153846154,0.7157894736842105
toxcast,367,auc,0.42857142857142855,0.44285714285714284
toxcast,368,auc,1.0,0.5
toxcast,369,auc,0.7,0.6428571428571429
toxcast,370,auc,1.0,0.7987012987012987
toxcast,371,auc,nan,0.25925925925925924
toxcast,372,auc,0.6857142857142857,0.5285714285714286
toxcast,373,auc,0.75,0.71875
toxcast,374,auc,0.5178571428571429,0.5636363636363636
toxcast,375,auc,0.7063492063492064,0.4351851851851852
toxcast,376,auc,0.3333333333333333,0.8888888888888888
toxcast,377,auc,0.5,0.32222222222222224
toxcast,378,auc,0.3333333333333333,1.0
toxcast,379,auc,0.9166666666666666,0.42857142857142855
toxcast,380,auc,1.0,0.8055555555555556
toxcast,381,auc,0.5833333333333334,0.08333333333333333
toxcast,382,auc,1.0,0.8214285714285714
toxcast,383,auc,0.6923076923076923,0.375
toxcast,384,auc,0.6666666666666666,0.06944444444444445
toxcast,385,auc,0.75,0.125
toxcast,386,auc,nan,0.8947368421052632
toxcast,387,auc,0.875,0.5803571428571429
toxcast,388,auc,0.6,0.8295454545454546
toxcast,389,auc,0.6428571428571429,0.53125
toxcast,390,auc,0.7777777777777778,0.84
toxcast,391,auc,0.8125,0.7777777777777778
toxcast,392,auc,0.8125,0.6428571428571429
toxcast,393,auc,0.85,0.6363636363636364
toxcast,394,auc,0.717948717948718,0.5
toxcast,395,auc,0.58,0.474025974025974
toxcast,396,auc,nan,0.6818181818181818
toxcast,397,auc,1.0,0.375
toxcast,398,auc,0.8311688311688312,0.7747252747252747
toxcast,399,auc,0.828125,0.6833333333333333
toxcast,400,auc,0.6,0.60625
toxcast,401,auc,0.7,0.3333333333333333
toxcast,402,auc,0.8,0.6666666666666666
toxcast,403,auc,0.8,0.41776315789473684
toxcast,404,auc,0.9444444444444444,0.8071428571428572
toxcast,405,auc,0.5666666666666667,0.71875
toxcast,406,auc,0.7619047619047619,0.76
toxcast,407,auc,0.9375,0.69
toxcast,408,auc,0.8,0.7857142857142857
toxcast,409,auc,0.5,0.7142857142857143
toxcast,410,auc,0.8888888888888888,1.0
toxcast,411,auc,0.16666666666666666,0.6122448979591837
toxcast,412,auc,0.6363636363636364,0.6794871794871795
toxcast,413,auc,1.0,0.775
toxcast,414,auc,1.0,0.48484848484848486
toxcast,415,auc,0.6,0.6136363636363636
toxcast,416,auc,0.4444444444444444,0.5666666666666667
toxcast,417,auc,0.17857142857142858,0.3388888888888889
toxcast,418,auc,0.6666666666666666,0.6296296296296297
toxcast,419,auc,0.9166666666666666,0.7792207792207793
toxcast,420,auc,0.5625,0.6
toxcast,421,auc,0.7916666666666666,0.5111111111111111
toxcast,422,auc,0.6,0.5625
toxcast,423,auc,0.5833333333333334,0.6454545454545455
toxcast,424,auc,0.875,0.7604166666666666
toxcast,425,auc,0.8441558441558441,0.5714285714285714
toxcast,426,auc,0.32,0.7857142857142857
toxcast,427,auc,0.5909090909090909,0.534375
toxcast,428,auc,0.6666666666666666,0.6454545454545455
toxcast,429,auc,1.0,0.37272727272727274
toxcast,430,auc,0.4444444444444444,0.44
toxcast,431,auc,0.725,0.8425925925925926
toxcast,432,auc,0.8,0.6018518518518519
toxcast,433,auc,0.8571428571428571,0.86
toxcast,434,auc,0.8125,0.6346153846153846
toxcast,435,auc,0.3333333333333333,0.5
toxcast,436,auc,0.6111111111111112,0.48333333333333334
toxcast,437,auc,0.7142857142857143,0.4625
toxcast,438,auc,0.8833333333333333,0.6444444444444445
toxcast,439,auc,0.875,0.6409090909090909
toxcast,440,auc,0.0,0.13333333333333333
toxcast,441,auc,0.7098039215686275,0.07758620689655173
toxcast,442,auc,0.4375,0.6071428571428571
toxcast,443,auc,0.43333333333333335,0.5595238095238095
toxcast,444,auc,0.68,0.69375
toxcast,445,auc,0.375,0.509090909090909
toxcast,446,auc,0.8148148148148148,0.5952380952380952
toxcast,447,auc,0.5833333333333334,0.7083333333333334
toxcast,448,auc,0.8421052631578947,0.7936507936507936
toxcast,449,auc,1.0,0.425
toxcast,450,auc,0.675,0.65625
toxcast,451,auc,0.25,0.8148148148148148
toxcast,452,auc,0.2,0.375
toxcast,453,auc,0.8333333333333334,0.538961038961039
toxcast,454,auc,0.6127819548872181,0.38671875
toxcast,455,auc,0.7870370370370371,0.5098566308243727
toxcast,456,auc,0.9145220588235294,0.7586206896551724
toxcast,457,auc,0.5476190476190477,0.3076923076923077
toxcast,458,auc,0.6666666666666666,0.7611111111111111
toxcast,459,auc,0.8095238095238095,0.575
toxcast,460,auc,0.5833333333333334,0.61
toxcast,461,auc,0.8187830687830688,0.6003787878787878
toxcast,462,auc,0.8076923076923077,0.8214285714285714
toxcast,463,auc,0.7722222222222223,0.5895061728395061
toxcast,464,auc,0.6641414141414141,0.4947916666666667
toxcast,465,auc,0.5992063492063492,0.6705069124423964
toxcast,466,auc,0.5755102040816327,0.6451149425287356
toxcast,467,auc,0.6571428571428571,0.4489795918367347
toxcast,468,auc,0.7133620689655172,0.5965909090909091
toxcast,469,auc,0.5,0.8421052631578947
toxcast,470,auc,1.0,0.803921568627451
toxcast,471,auc,0.8,0.6990740740740741
toxcast,472,auc,0.7589285714285714,0.44656084656084655
toxcast,473,auc,0.6767676767676768,0.757396449704142
toxcast,474,auc,0.7,nan
toxcast,475,auc,0.8148148148148148,0.6133333333333333
toxcast,476,auc,0.875,0.69375
toxcast,477,auc,0.9047619047619048,0.6818181818181818
toxcast,478,auc,0.6904761904761905,0.625
toxcast,479,auc,0.803921568627451,0.5993788819875776
toxcast,480,auc,0.4875,0.5454545454545454
toxcast,481,auc,1.0,0.6388888888888888
toxcast,482,auc,0.9285714285714286,0.5520833333333334
toxcast,483,auc,0.7777777777777778,0.675
toxcast,484,auc,0.6050884955752213,0.5344952795933188
toxcast,485,auc,0.6111111111111112,0.7018140589569161
toxcast,486,auc,0.6576441102756893,0.6716180371352786
toxcast,487,auc,0.8272727272727273,0.719815668202765
toxcast,488,auc,0.7857142857142857,0.6374113475177305
toxcast,489,auc,0.794949494949495,0.6733333333333333
toxcast,490,auc,0.6821789321789322,0.5980325644504749
toxcast,491,auc,0.7967032967032966,0.6701626712328768
toxcast,492,auc,0.7529411764705882,0.6985294117647058
toxcast,493,auc,0.7574786324786325,0.6539578794480755
toxcast,494,auc,0.8122895622895623,0.6632450331125828
toxcast,495,auc,0.6992409867172675,0.6425454545454545
toxcast,496,auc,0.5761661807580175,0.6537109375
toxcast,497,auc,0.570957095709571,0.49562226391494685
toxcast,498,auc,0.6886574074074074,0.44988738738738737
toxcast,499,auc,0.6218055733915501,0.6281401633806277
toxcast,500,auc,0.5060619129768066,0.5027087646652864
toxcast,501,auc,0.5586538461538462,0.4843568701082256
toxcast,502,auc,0.6666666666666666,0.7622137404580153
toxcast,503,auc,0.9587039390088945,0.663588110403397
toxcast,504,auc,0.6916446272896464,0.5383238738047758
toxcast,505,auc,0.6822458455522972,0.5612539184952978
toxcast,506,auc,0.6027280477408354,nan
toxcast,507,auc,0.6426258149742191,0.5953131844064827
toxcast,508,auc,0.6336366033755274,0.6392152711619209
toxcast,509,auc,0.6451863201524348,0.5698993897410523
toxcast,510,auc,0.7362466577540107,0.7050079491255962
toxcast,511,auc,0.6610085753608357,0.5755837449483611
toxcast,512,auc,0.6284225415022705,0.6237832654039799
toxcast,513,auc,0.6765888344080596,0.6734278330331271
toxcast,514,auc,0.6008498150290122,0.583351369349871
toxcast,515,auc,0.7933161953727507,0.6045454545454545
toxcast,516,auc,0.7981099656357389,0.5579803166452717
toxcast,517,auc,0.7169182169182169,0.6097951344430218
toxcast,518,auc,0.9936467598475223,0.7899239543726235
toxcast,519,auc,0.8357326478149101,0.5152439024390244
toxcast,520,auc,0.9974587039390089,0.8228770595690748
toxcast,521,auc,0.8337099811676083,0.554280510018215
toxcast,522,auc,0.6534170697456702,0.48402392763349866
toxcast,523,auc,0.6458534699400734,0.5786504723346828
toxcast,524,auc,0.6391449163005714,0.5695135433941404
toxcast,525,auc,0.6538138925294888,0.5733092193808883
toxcast,526,auc,0.6428376720730544,0.6028991035666603
toxcast,527,auc,0.603698281571334,0.570806141669362
toxcast,528,auc,0.6027018229166666,0.4981859410430839
toxcast,529,auc,0.546129137987545,0.5250096725830633
toxcast,530,auc,0.6320671816313514,0.6064951395270107
toxcast,531,auc,0.8185419968304279,0.6051720019111323
toxcast,532,auc,0.7341460622710623,0.5886029411764706
toxcast,533,auc,0.6435606800859879,0.5828914476176047
toxcast,534,auc,0.6020144628099173,0.7074447077409163
toxcast,535,auc,0.6090077849588719,0.5879670123703611
toxcast,536,auc,0.6160014438943895,0.662295166443368
toxcast,537,auc,0.5837744299674267,0.4759847148736038
toxcast,538,auc,0.591304347826087,0.5719679763797411
toxcast,539,auc,0.587114116446597,0.6048085901027077
toxcast,540,auc,0.6791833430768539,0.6312521799790722
toxcast,541,auc,0.6170895347474511,0.5481808131061863
toxcast,542,auc,0.7156521300222087,0.6390312916111851
toxcast,543,auc,0.6221350229198166,0.511953640243114
toxcast,544,auc,0.597589244320816,0.590304438607126
toxcast,545,auc,0.7203173882329196,0.6516945996275605
toxcast,546,auc,0.6705946906354515,0.6098328108672936
toxcast,547,auc,0.6236076732673267,0.6193476499189627
toxcast,548,auc,0.6394165951709768,0.6218616144975289
toxcast,549,auc,0.6260760860300594,0.5838906035665294
toxcast,550,auc,0.7052351286173634,0.6468210361067503
toxcast,551,auc,0.6505598507064783,0.6108850988369061
toxcast,552,auc,0.6081632653061224,0.6887188718871887
toxcast,553,auc,0.6276223776223776,0.5523634453781513
toxcast,554,auc,0.585063676633444,0.6140569247365364
toxcast,555,auc,0.6203852327447833,0.7115189873417721
toxcast,556,auc,0.6601699561403509,0.574390243902439
toxcast,557,auc,0.6150170068027211,0.5952881238846353
toxcast,558,auc,0.6040851846057572,0.6275510204081632
toxcast,559,auc,0.6125796178343949,0.455178722206586
toxcast,560,auc,0.9427001569858713,0.3118320610687023
toxcast,561,auc,0.7380258899676375,0.4694144953578916
toxcast,562,auc,0.6765422077922078,0.6410459587955626
toxcast,563,auc,0.6075159831592079,0.607104969290899
toxcast,564,auc,0.6060367454068242,0.7338461538461538
toxcast,565,auc,0.861323155216285,0.5361216730038023
toxcast,566,auc,0.6566622691292876,0.5488746767316698
toxcast,567,auc,0.7036764945962712,0.5055393517429553
toxcast,568,auc,0.90498687664042,0.12804878048780488
toxcast,569,auc,0.6061220601045296,0.5566725455614344
toxcast,570,auc,0.7557324840764331,0.6073390894819466
toxcast,571,auc,0.6798301486199575,0.5674300254452926
toxcast,572,auc,0.6304822613124852,0.6210115410726409
toxcast,573,auc,0.6223421020729786,0.5628352490421455
toxcast,574,auc,0.6272850948048635,0.575126582278481
toxcast,575,auc,0.6368132838721074,0.6700310559006211
toxcast,576,auc,0.5930495811636858,0.49319159101767795
toxcast,577,auc,0.6104933110367893,0.6109368950832366
toxcast,578,auc,0.5737030995106036,0.644773095623987
toxcast,579,auc,0.607083456534595,0.5403627098321343
toxcast,580,auc,0.5737118015599029,0.5949189304508605
toxcast,581,auc,0.6032133374980478,0.5359720294651436
toxcast,582,auc,0.6528411864358113,0.5551249278469531
toxcast,583,auc,0.6124202313572508,0.5658602663410539
toxcast,584,auc,0.6101692532613585,0.6076642335766423
toxcast,585,auc,0.6105623100303952,0.5943548387096774
toxcast,586,auc,0.566294442305224,0.5534415168306381
toxcast,587,auc,0.5720969089390142,0.5369247844275591
toxcast,588,auc,0.6152272727272727,0.5529792141063817
toxcast,589,auc,0.6327030103718695,0.5118384701718035
toxcast,590,auc,0.5549244213509683,0.5557508281192491
toxcast,591,auc,0.6325613271250328,0.5374437394935199
toxcast,592,auc,0.625821923106676,0.5814312886352829
toxcast,593,auc,0.6289733033932136,0.550938824954573
toxcast,594,auc,0.6004207573632538,0.587392173364191
toxcast,595,auc,0.6269190202742294,0.5529776789849032
toxcast,596,auc,0.6092893539727701,0.5698604116971464
toxcast,597,auc,0.631087279540022,0.5370158210583742
toxcast,598,auc,0.6391878342245989,0.5724802371541502
toxcast,599,auc,0.55,0.47482517482517483
toxcast,600,auc,0.5618686868686869,0.5547458229648062
toxcast,601,auc,0.7072784810126582,0.666871921182266
toxcast,602,auc,0.6205128205128205,0.6771186440677966
toxcast,603,auc,0.44166666666666665,0.75
toxcast,604,auc,0.6296992481203008,0.6005434782608695
toxcast,605,auc,0.6502525252525253,0.468872870249017
toxcast,606,auc,0.6266666666666667,0.474022633744856
toxcast,607,auc,0.6313291139240507,0.47478991596638653
toxcast,608,auc,0.5833333333333334,0.4813237221494102
toxcast,609,auc,0.6794871794871795,0.2792022792022792
toxcast,610,auc,0.8006329113924051,0.5211864406779662
toxcast,611,auc,0.5877525252525253,0.6877622377622378
toxcast,612,auc,0.6819620253164557,0.6355042016806722
toxcast,613,auc,0.7926829268292683,0.4791666666666667
toxcast,614,auc,0.5617283950617284,0.48830409356725146
toxcast,615,auc,0.5367965367965368,0.4054383116883117
toxcast,616,auc,0.6572769953051644,0.4159267480577136
sider,0,auc,0.6184731012658228,0.6205813040062844
sider,1,auc,0.5171343766864543,0.5820930232558139
sider,2,auc,0.7023809523809523,0.3488095238095238
sider,3,auc,0.6489035087719298,0.6611111111111111
sider,4,auc,0.6253192848020435,0.47630208333333335
sider,5,auc,0.5868604651162791,0.5506912442396313
sider,6,auc,0.69529262086514,0.7810945273631841
sider,7,auc,0.6051622418879056,0.625609756097561
sider,8,auc,0.6714285714285714,0.5740601503759398
sider,9,auc,0.622750899640144,0.6502219531880549
sider,10,auc,0.731957424714434,0.6491228070175439
sider,11,auc,0.5353383458646617,0.5413385826771654
sider,12,auc,0.6694677871148459,0.6399211711711712
sider,13,auc,0.6307971014492754,0.43411458333333336
sider,14,auc,0.6542145593869731,0.4997119815668203
sider,15,auc,0.6182896379525593,0.6921664626682986
sider,16,auc,0.6094202898550725,0.5065217391304347
sider,17,auc,0.6348610067618332,0.5386666666666666
sider,18,auc,0.6246031746031746,0.5140532544378699
sider,19,auc,0.6795794930875576,0.48134920634920636
sider,20,auc,0.5641873278236914,0.5787364450730788
sider,21,auc,0.6273026315789474,0.6207922824302134
sider,22,auc,0.6337209302325582,0.5016583747927031
sider,23,auc,0.6180637544273908,0.606949646275489
sider,24,auc,0.682559918408975,0.6359044995408631
sider,25,auc,0.9237588652482269,0.7259398496240601
sider,26,auc,0.5972222222222222,0.5187209302325582
hiv,0,auc,0.6695938663531256,0.622856756600166
muv,0,auc,0.7584905660377359,nan
muv,1,auc,0.7368336544637123,0.7884126052064984
muv,2,auc,0.7996587030716723,0.44921630094043885
muv,3,auc,0.5358554996405464,0.8075409836065573
muv,4,auc,0.613527724665392,0.7443495514147688
muv,5,auc,0.8244857332448573,0.7266199064796259
muv,6,auc,0.5859318346627991,0.4419917864476386
muv,7,auc,0.9898618538324421,0.8439414567733152
muv,8,auc,0.6750386398763524,0.48892171344165436
muv,9,auc,0.9069855732725892,0.4502262443438914
muv,10,auc,0.8967195385724586,0.48784246575342466
muv,11,auc,0.8403201219512195,0.3048616448885473
muv,12,auc,0.8268075768075768,nan
muv,13,auc,0.960245636716225,0.9386206896551724
muv,14,auc,0.95921875,0.6981541802388708
muv,15,auc,0.7604089219330855,0.5862785862785863
muv,16,auc,nan,0.22177954847277556
esol,0,rmse,1.9431717443855083,2.106526139370364
freesolv,0,rmse,5.849727570932106,3.8225900879059336
lipo,0,rmse,1.1626908137429042,1.0676844702578627
qm7dft,0,mae,138.75438822462453,143.73881610055903
qm8dft,0,mae,0.01955107939273472,0.0184240984693291
qm8dft,1,mae,0.018656216507501856,0.01891682442674556
qm8dft,2,mae,0.02331955095812506,0.026010820922110548
qm8dft,3,mae,0.049536028416909746,0.04727084475043342
qm8dft,4,mae,0.0234920060542782,0.022010274505788935
qm8dft,5,mae,0.021784680915802795,0.021819083270794282
qm8dft,6,mae,0.01865683942530199,0.02411793731087731
qm8dft,7,mae,0.03594257706828786,0.03855613528441391
qm8dft,8,mae,0.02054191209660536,0.01890092973230502
qm8dft,9,mae,0.01951375396945586,0.019719971447424937
qm8dft,10,mae,0.026453035322075387,0.03191249266300446
qm8dft,11,mae,0.040829455452019374,0.04479748469918771
qm9dft,0,mae,0.01248238444154747,0.013187954083992768
qm9dft,1,mae,0.02597601876794186,0.02937479523802619
qm9dft,2,mae,0.025399496393281453,0.028650596512088383
